0,0,0,0,0,0,0,0,0,0,0,1,0,0,0,0,0,0,0,0,0,1,0,0,1,0,0,0,0,0,0,0,0,0,0,0,0,4,2,3,1,2,0,0,0,0,1,1,3,15,1,4,4,1,0,0,1,2,4,3,2,0,2,0,0,1,0,0,3,2,0,7,4,2,0,1,3,4,0,0,0,0,0,2,2,2,1,0,0,1,0,0,0,0,0,0,0,0,0,0
4,7,6,0,1,2,10,15,0,0,0,0,0,5,4,0,1,0,0,2,12,3,1,1,0,0,0,2,1,1,0,0,3,2,2,1,0,0,2,0,1,11,3,0,1,0,1,0,0,2,0,0,0,0,0,0,11,3,2,1,0,2,1,1,3,0,0,0,0,2,2,2,2,0,1,1,0,0,0,0,3,4,1,2,2,1,0,0,0,0,1,0,1,1,0,0,0,0,0,0
7,5,0,0,1,23,1,0,4,1,7,11,0,4,0,0,0,2,0,0,0,0,0,0,0,0,5,2,0,0,0,0,0,0,0,2,21,0,0,3,1,2,2,0,0,0,0,0,3,0,0,3,5,0,1,1,0,0,0,0,1,0,0,1,0,2,0,0,0,0,1,10,26,0,0,0,2,5,10,9,1,0,11,34,28,11,0,0,10,5,0,0,0,0,6,4,0,0,0,0
0,0,12,6,2,0,0,0,0,10,0,0,0,0,0,0,0,0,0,0,0,0,1,0,0,0,14,0,0,0,0,0,1,0,0,0,0,0,0,0,0,5,0,1,0,0,2,0,2,2,0,0,0,0,0,5,2,2,0,0,0,0,1,0,0,0,3,2,0,0,0,6,0,3,0,0,0,12,24,8,0,0,0,6,2,0,0,1,2,0,0,0,0,1,1,2,10,2,0,8
0,0,0,0,0,0,0,0,0,0,0,0,0,1,0,0,0,1,0,0,1,0,0,0,0,0,0,0,0,0,0,0,0,0,2,0,1,1,0,1,1,0,3,14,13,18,18,16,10,0,0,0,0,2,0,0,2,5,2,0,0,0,0,0,0,0,0,0,0,0,0,0,2,0,0,1,0,7,0,0,0,0,0,8,14,0,0,0,17,9,1,0,8,3,0,10,0,0,0,0
1,0,0,0,0,0,0,0,0,0,4,1,0,1,1,0,8,0,3,6,2,2,0,9,12,3,5,2,0,1,2,0,0,0,6,18,18,19,2,8,1,0,1,0,0,3,0,2,1,1,1,5,0,0,0,2,0,0,0,3,2,5,2,3,6,0,12,3,1,0,3,1,0,1,0,0,0,0,0,0,0,1,0,0,1,1,0,0,12,0,9,5,1,7,2,3,8,2,0,11
2,0,0,0,0,0,0,1,0,3,5,3,0,0,0,0,0,0,0,1,0,4,3,5,3,0,0,0,0,0,0,0,0,0,0,0,3,0,0,0,0,3,0,0,0,0,0,0,0,0,0,0,0,0,0,0,0,0,0,0,0,0,0,0,0,0,0,0,0,6,2,4,8,14,4,15,5,0,0,0,1,0,0,1,0,0,0,0,0,2,0,0,0,0,0,0,0,0,0,7
0,0,2,0,2,0,0,0,0,3,0,2,1,7,0,0,0,0,0,5,0,1,0,2,2,0,0,1,0,4,13,0,0,0,6,0,2,0,0,1,10,2,1,3,0,0,4,3,0,2,0,1,1,0,0,0,5,27,0,0,0,0,0,0,2,2,5,4,0,3,0,1,0,1,1,3,1,1,0,0,0,1,0,1,1,2,4,0,0,0,0,3,7,0,0,0,0,0,0,0
0,0,0,0,0,0,0,1,1,0,0,0,4,0,0,0,0,0,0,0,0,0,0,0,0,0,0,0,0,0,0,0,0,0,0,0,0,0,0,0,0,0,0,0,0,0,0,0,0,0,0,0,0,0,0,0,0,1,0,0,0,0,1,0,1,0,0,0,0,0,0,0,0,0,0,1,0,0,0,0,0,0,1,0,0,0,0,0,0,0,0,0,0,0,0,1,0,0,0,0
0,0,0,0,0,0,0,0,0,0,0,0,0,0,0,0,0,0,0,0,0,0,0,0,0,0,0,0,0,0,0,0,0,0,0,0,0,0,0,0,0,0,0,0,0,0,0,0,0,0,0,0,0,0,0,0,0,0,0,0,0,0,0,0,0,0,0,0,0,0,0,0,0,0,0,0,0,0,0,0,0,0,0,0,0,0,0,0,0,0,0,0,0,0,0,0,0,0,0,0
0,0,6,0,1,0,0,2,0,0,0,0,0,0,0,1,0,0,0,0,0,0,0,0,1,0,0,0,0,0,0,0,0,1,0,0,0,0,0,0,0,0,0,0,0,0,0,0,0,1,0,0,0,0,0,0,0,0,0,0,0,0,0,0,0,1,2,1,0,0,1,5,2,3,0,1,0,0,0,0,0,0,0,1,1,0,0,0,0,0,0,0,0,0,0,0,0,0,0,0
0,0,0,0,0,0,0,1,0,0,1,0,0,0,0,0,0,1,0,0,0,0,0,0,0,0,0,0,0,0,0,0,0,0,0,0,0,0,0,1,1,0,0,0,0,0,0,7,0,0,0,0,0,0,0,0,4,5,1,3,0,0,0,0,0,0,5,0,0,2,3,0,0,2,8,8,2,3,0,0,0,0,0,0,1,19,0,0,0,0,0,0,0,0,0,1,0,2,0,0
0,0,0,0,0,0,0,0,0,0,0,0,0,0,0,0,0,0,0,0,0,0,0,0,0,0,0,0,0,1,4,0,0,0,0,0,0,1,0,1,0,0,1,0,0,0,0,0,0,0,0,0,0,0,0,0,0,0,0,0,0,0,0,0,0,0,2,0,0,0,0,0,0,0,0,0,0,0,0,0,0,0,0,0,0,0,0,0,0,0,0,0,0,0,0,0,0,0,0,0
0,0,0,0,0,0,0,0,0,0,0,0,0,0,0,0,0,0,0,0,0,0,0,0,0,0,0,0,0,0,0,0,1,0,0,0,0,0,0,0,0,2,1,1,7,0,1,0,0,4,1,0,0,1,0,1,3,1,0,0,11,0,0,12,6,1,0,0,0,0,0,1,0,16,5,0,1,1,2,0,3,15,0,0,2,1,1,0,1,0,1,0,0,0,5,0,0,0,1,1
0,0,0,0,0,0,0,0,4,1,1,1,0,0,0,0,0,0,0,0,0,0,0,0,0,0,0,0,0,0,0,0,0,0,0,0,0,0,0,0,0,0,0,0,0,0,0,0,0,0,1,3,3,1,0,0,0,0,0,0,0,1,1,0,0,0,0,0,2,0,0,0,0,0,0,0,0,0,0,0,0,0,0,2,0,1,1,0,0,0,0,0,1,0,1,0,0,0,0,0
0,0,0,0,0,0,0,0,0,0,0,0,0,0,0,0,0,0,0,0,0,0,0,0,0,0,0,0,0,0,0,0,0,0,0,0,0,0,0,0,0,0,0,0,0,0,0,0,0,0,0,0,0,0,0,0,0,0,0,0,0,0,0,0,0,0,0,0,0,0,0,0,0,0,0,0,0,0,0,0,0,0,0,0,0,0,0,0,0,0,0,0,0,0,0,0,0,0,0,0
0,0,0,0,0,0,0,0,0,0,0,1,0,0,0,0,0,0,0,0,0,0,0,0,0,0,0,0,0,0,0,0,0,0,0,0,0,0,0,0,0,0,0,0,0,0,0,0,0,0,0,0,0,0,0,0,0,0,0,2,1,2,0,1,0,0,0,0,0,0,0,0,0,0,0,0,0,0,0,0,0,0,0,0,0,0,0,0,0,0,0,2,1,0,9,1,0,0,0,0
0,1,0,0,0,0,0,1,6,1,6,0,1,19,4,7,2,4,13,0,3,5,0,2,2,0,0,1,3,0,1,1,0,1,0,0,0,0,0,0,0,0,0,0,0,0,0,0,0,2,1,1,2,0,0,0,2,2,2,1,0,1,2,1,0,1,0,7,2,4,2,0,10,10,7,2,0,0,0,18,15,7,0,3,0,0,0,9,20,5,0,0,1,0,0,0,1,6,3,6
1,11,11,0,4,3,2,12,2,0,2,0,0,0,0,6,4,9,0,0,2,1,1,0,0,0,0,0,0,0,0,1,1,0,0,0,0,0,0,1,0,1,0,0,1,0,0,0,0,0,0,0,0,0,0,1,1,6,25,10,1,1,0,2,0,0,0,0,0,0,0,0,0,0,2,1,0,0,0,0,1,1,1,0,0,0,0,0,1,0,0,0,0,0,0,0,0,0,0,0
0,0,0,0,0,0,0,0,0,0,1,0,8,2,2,0,1,0,0,0,0,0,0,0,0,2,0,1,0,1,1,0,0,1,0,1,0,1,0,0,3,1,0,0,0,0,0,1,1,0,0,1,2,0,1,0,0,0,1,0,0,0,0,1,1,0,0,0,0,0,0,0,0,0,0,0,0,0,0,0,0,3,1,1,0,0,1,0,0,0,0,0,2,1,3,2,1,2,3,4
1,10,2,1,0,1,0,0,0,0,0,0,0,0,11,15,0,0,0,0,6,1,0,5,0,0,0,1,4,0,0,0,0,0,0,0,0,0,0,0,0,0,0,0,0,0,0,0,0,0,0,1,4,0,0,0,0,0,0,0,0,1,0,1,0,0,0,0,0,0,0,1,0,0,0,0,0,0,0,0,0,0,0,0,2,0,0,1,0,0,0,0,0,0,1,1,0,0,0,0
0,0,0,0,0,0,0,0,0,0,0,1,0,0,0,1,1,0,0,0,0,0,0,0,0,1,0,5,0,1,4,5,17,0,0,0,0,1,1,1,0,0,0,0,0,1,0,0,0,0,0,0,0,0,0,1,0,0,0,0,0,0,1,0,12,1,0,0,1,1,0,0,0,0,2,1,3,0,0,1,1,1,0,2,4,0,1,3,5,0,1,2,1,2,0,0,0,1,1,1
4,4,1,6,0,0,5,2,4,1,0,0,7,1,4,0,1,0,0,0,1,2,0,0,1,1,2,0,0,2,1,1,3,0,1,0,0,0,0,1,3,2,0,0,0,0,29,5,0,14,27,5,0,0,0,0,0,10,17,3,5,0,0,0,0,0,0,0,0,0,0,0,0,0,0,0,0,0,0,1,2,0,0,0,1,1,8,0,0,0,0,6,0,0,0,0,0,0,0,0
0,0,0,0,0,0,0,0,0,0,0,0,1,0,0,0,0,0,0,1,0,0,0,0,0,1,0,0,0,0,0,0,0,0,0,0,0,0,0,0,0,0,0,0,0,0,0,0,0,0,0,0,0,0,0,0,0,0,0,0,0,0,0,0,0,0,0,0,0,0,0,0,0,0,5,8,1,3,6,8,1,0,0,0,0,0,0,0,0,0,0,0,0,0,0,0,0,0,0,0
0,3,0,0,0,1,1,0,0,1,0,0,0,0,0,0,1,0,0,0,1,0,4,0,14,4,0,4,2,7,0,0,0,5,2,5,1,24,5,14,6,0,0,3,1,0,0,5,9,3,1,2,1,2,1,3,1,0,0,2,20,10,0,0,4,3,4,24,3,11,1,1,4,3,1,7,6,1,13,0,6,2,9,33,5,0,0,1,1,0,0,2,2,3,0,19,0,1,0,1
0,2,0,0,0,0,0,0,5,0,0,2,0,0,0,0,1,0,0,0,0,0,1,13,8,10,6,0,0,0,0,2,8,1,2,2,1,0,0,0,0,0,2,0,1,1,1,1,0,0,5,0,0,0,0,0,0,2,0,2,0,1,2,0,0,0,1,0,0,0,0,0,1,0,0,1,1,0,2,1,0,0,2,0,0,0,2,2,0,0,0,0,0,0,0,0,1,1,1,0
0,0,0,0,0,0,0,0,0,0,0,0,0,0,0,0,0,0,0,0,0,0,0,0,0,0,0,0,0,0,0,0,0,0,0,0,0,0,0,0,0,0,0,2,3,1,0,0,0,0,0,1,0,0,0,0,0,2,1,0,0,0,0,0,0,0,0,0,0,0,0,1,0,0,0,0,0,0,0,1,0,0,0,0,0,0,0,0,0,0,0,0,1,0,1,2,0,0,0,0
0,0,4,1,0,1,0,0,0,1,1,5,6,2,0,0,0,0,0,0,0,0,0,0,0,20,6,0,0,0,1,0,2,0,9,5,4,2,0,0,0,1,5,12,0,0,0,1,0,0,0,0,1,0,0,0,1,0,1,0,0,0,0,0,0,0,5,12,4,0,0,4,7,5,5,5,23,4,0,0,0,0,1,0,1,1,0,0,6,7,18,20,14,3,1,0,0,4,2,1
2,0,0,0,0,0,0,0,0,0,0,0,0,0,0,0,0,0,0,0,0,0,0,0,0,0,0,0,4,6,3,0,0,0,2,1,2,11,10,9,7,0,0,1,0,2,1,0,1,2,1,0,0,0,0,0,0,2,0,0,0,0,0,0,0,1,0,0,0,0,0,0,0,0,0,0,0,0,1,0,0,0,0,0,0,0,0,0,0,0,0,0,0,0,0,0,0,0,0,0
0,0,0,2,6,1,6,0,0,0,1,0,0,0,0,0,1,7,0,0,0,0,0,0,14,0,0,0,0,0,1,0,1,0,0,0,1,0,0,1,0,0,0,1,0,0,0,0,0,0,0,1,0,1,4,4,1,1,0,0,0,13,16,0,0,0,0,0,0,1,4,0,0,0,0,0,0,0,0,0,0,0,0,0,0,0,0,0,0,0,0,0,0,1,0,0,0,2,5,2
0,0,0,0,0,0,0,0,0,0,0,0,0,0,0,0,0,0,0,0,0,0,0,0,0,0,0,0,0,0,0,0,0,0,0,0,0,0,0,0,0,0,2,0,0,0,0,0,0,0,0,0,0,0,0,0,0,0,4,1,0,0,0,0,0,0,1,6,6,10,19,17,0,0,4,5,1,0,0,0,0,6,8,2,14,5,21,0,0,0,0,0,0,1,0,0,0,1,1,0
11,0,0,1,0,0,2,0,0,0,3,0,0,0,1,0,0,0,3,5,0,1,6,0,1,2,0,2,1,1,0,0,0,1,0,0,0,0,0,1,1,0,1,0,0,9,23,8,0,0,0,6,16,0,0,0,4,2,1,1,0,4,0,0,0,0,0,0,0,0,0,3,0,0,1,0,0,0,1,0,0,0,0,6,1,0,7,3,0,3,1,0,0,1,0,0,0,0,7,0
0,0,0,0,0,0,1,0,0,0,0,0,0,0,0,0,0,0,0,0,0,0,0,0,0,0,0,0,0,0,0,0,0,0,0,0,0,0,0,0,0,0,0,0,0,0,0,0,0,0,0,0,0,0,0,0,0,0,0,0,0,0,0,0,0,0,0,0,0,0,0,0,0,0,0,0,0,0,0,0,0,0,0,0,0,0,0,0,0,0,0,0,0,0,0,0,0,0,0,0
0,3,0,0,0,0,0,0,0,0,0,0,1,1,0,1,1,3,2,0,8,0,0,0,0,0,0,0,0,0,0,0,0,0,0,0,1,0,0,0,0,0,0,1,0,1,0,0,0,2,0,0,0,0,1,0,0,0,2,0,0,0,0,0,0,0,0,1,0,0,1,0,1,0,0,0,0,0,0,0,0,1,0,0,1,0,0,0,1,1,0,0,0,0,0,0,0,0,0,0
0,0,0,0,0,0,5,1,1,0,0,0,0,0,0,0,3,1,0,1,0,2,0,2,0,0,0,0,0,0,0,0,0,0,0,0,0,0,0,0,1,0,0,0,0,0,0,0,0,0,0,0,0,0,0,0,7,5,1,0,0,0,0,7,4,0,0,0,0,0,0,0,0,0,0,0,0,0,0,0,0,0,0,0,0,0,0,0,0,0,0,0,0,0,0,0,0,0,0,0
0,0,0,0,0,0,0,0,0,0,0,3,2,1,9,19,5,0,0,0,0,0,0,2,0,1,0,0,0,7,18,21,1,7,6,2,1,0,0,0,0,0,0,0,0,0,0,0,0,0,0,0,0,0,0,0,0,0,0,0,0,0,0,0,0,0,0,0,0,0,0,0,0,0,0,0,0,0,0,0,0,0,0,0,0,0,0,0,0,0,0,0,0,0,0,0,0,0,0,0
0,0,0,0,0,0,0,0,0,0,0,0,0,0,0,0,0,0,0,0,0,0,0,0,0,0,0,0,0,0,7,0,0,0,0,0,0,2,0,0,1,2,1,0,0,7,9,0,0,0,0,0,0,0,0,1,1,0,0,0,1,0,0,0,0,0,0,2,1,1,1,3,0,1,0,0,0,0,0,1,0,0,0,0,0,1,0,0,0,0,0,0,0,0,0,1,0,0,1,0
3,1,1,0,0,1,0,2,2,0,0,1,2,2,2,0,0,1,0,1,0,1,0,0,1,0,1,3,1,0,2,1,1,0,0,0,2,2,0,2,8,3,0,0,0,1,6,0,0,0,0,0,0,0,0,0,0,0,0,0,0,0,0,0,0,0,1,0,2,3,1,3,5,0,2,0,1,0,1,1,4,0,0,0,0,0,0,0,0,0,0,1,0,0,0,2,1,0,0,0
0,0,0,0,0,0,0,0,0,0,0,1,4,7,17,1,0,0,0,0,0,0,1,0,0,1,0,0,0,0,0,0,0,0,0,0,0,0,0,0,11,5,0,0,0,0,0,0,0,0,0,0,0,0,0,0,0,0,0,0,1,0,0,0,0,0,0,0,0,0,0,0,0,0,0,0,0,0,0,0,0,0,0,0,0,0,0,1,0,0,0,0,0,0,0,0,0,0,1,0
0,0,2,11,18,0,0,5,4,1,1,0,2,1,0,19,5,2,3,1,0,0,0,1,2,1,2,0,0,1,10,11,3,8,0,3,8,6,1,3,5,0,0,1,0,0,1,5,6,2,0,3,2,0,2,0,5,2,2,0,0,4,1,3,4,0,0,0,0,0,18,0,0,0,10,0,0,0,0,0,3,0,3,0,0,0,1,0,0,0,10,24,8,2,2,0,0,0,1,3
0,0,0,0,1,0,0,0,0,0,0,1,1,0,0,0,0,0,2,0,1,0,0,0,0,0,1,1,0,0,1,0,0,0,0,2,0,0,0,0,0,0,1,7,10,17,0,1,5,0,0,1,0,0,0,0,1,1,0,0,0,1,0,0,0,0,0,0,0,0,0,1,27,5,3,34,41,13,5,1,0,0,0,0,1,0,0,0,0,0,0,0,0,0,0,0,13,27,0,0
0,3,1,0,0,1,3,0,0,0,0,1,0,1,0,1,4,1,0,0,0,1,3,5,12,14,7,0,0,0,0,0,0,0,1,1,1,0,0,0,0,13,6,4,7,12,3,3,4,2,0,0,0,0,0,0,0,0,0,0,1,1,5,1,0,0,0,0,0,0,0,0,0,0,0,0,0,0,0,0,0,0,0,0,0,0,0,1,2,1,0,0,0,0,0,0,0,0,0,0
0,0,0,0,0,0,1,0,1,3,2,0,0,0,0,1,0,0,0,0,0,0,0,0,0,0,0,0,0,0,0,0,0,0,0,0,0,0,0,0,0,0,0,0,0,0,0,0,0,0,0,0,0,0,0,0,0,0,3,4,1,0,1,0,0,0,0,0,1,8,1,1,2,1,0,1,0,1,1,0,0,0,0,0,0,0,0,0,0,0,0,0,0,0,0,0,0,0,0,4
0,0,0,0,0,0,0,0,0,0,0,0,1,0,2,3,1,1,0,0,0,0,0,0,0,0,0,0,0,0,0,1,0,1,3,0,1,0,3,0,0,0,0,0,0,1,0,0,0,0,1,0,0,0,2,9,7,12,5,0,0,1,0,0,1,0,0,0,0,4,9,11,4,7,4,3,1,0,1,2,4,2,1,0,1,0,1,0,1,3,0,0,0,2,4,1,6,7,13,8
0,0,0,0,2,1,1,2,1,1,0,3,2,1,0,0,2,0,0,0,0,0,3,5,0,0,0,0,0,0,0,0,0,0,0,0,0,0,0,0,3,2,0,0,0,1,0,0,0,0,1,3,4,2,0,0,0,0,0,2,0,0,1,1,0,1,0,0,0,0,0,0,0,2,3,1,0,0,1,0,1,3,1,0,0,0,1,0,0,0,0,1,0,0,0,0,0,0,0,0
4,1,3,2,0,2,1,1,4,2,1,0,0,0,0,0,0,0,0,1,0,0,0,0,0,0,2,0,0,0,0,0,1,1,3,5,5,5,4,0,0,0,0,1,0,0,0,0,0,0,1,1,1,0,0,0,0,0,0,0,1,0,0,0,0,1,0,1,0,0,0,0,0,0,0,0,0,0,0,0,0,0,0,0,0,0,0,0,0,0,0,0,0,0,0,0,1,2,2,0
0,0,0,0,0,0,7,0,0,0,0,0,0,15,1,5,2,0,0,0,0,0,0,0,1,0,0,5,1,2,0,0,0,0,1,0,0,1,2,0,0,0,0,0,0,2,0,2,1,0,0,0,0,0,0,0,0,1,0,0,0,0,1,1,1,1,0,1,1,0,0,0,0,0,0,0,0,0,1,2,1,0,0,0,0,1,0,0,0,0,0,0,0,0,0,7,18,14,1,0
10,6,8,0,1,0,0,0,1,6,3,0,0,0,1,0,0,0,0,1,0,1,0,1,1,0,1,2,3,0,0,1,0,1,0,1,0,2,0,3,1,0,1,0,0,0,0,0,0,0,1,0,0,1,6,15,0,0,0,1,0,0,0,0,0,0,7,26,7,0,1,1,1,0,0,0,0,0,0,1,0,2,0,0,0,3,2,8,5,0,4,3,0,0,1,0,0,7,14,5
1,0,0,1,1,0,0,0,2,1,1,1,0,0,0,0,8,16,31,11,1,0,0,1,1,1,0,1,1,0,0,1,0,4,1,4,0,2,2,0,15,8,0,0,0,0,2,0,3,0,3,6,2,0,1,1,0,0,2,2,1,2,5,0,0,0,0,0,0,0,2,5,1,2,4,11,17,17,0,0,0,7,27,30,28,39,27,12,1,0,0,0,0,0,0,0,0,0,1,0
1,0,0,1,0,0,0,1,0,0,1,3,1,0,0,0,0,0,1,0,0,2,0,2,1,0,9,21,0,0,0,1,0,0,1,0,0,1,1,0,1,1,0,0,0,0,0,2,1,1,2,1,2,2,1,0,0,0,0,0,3,1,27,11,0,2,3,9,3,4,5,2,2,3,4,16,3,2,3,3,0,4,1,6,4,6,3,4,4,7,10,4,8,0,0,0,0,0,0,0
0,0,1,1,0,0,3,9,3,2,0,0,0,0,0,0,0,0,0,0,0,0,0,0,0,0,0,0,0,0,0,0,0,0,0,0,0,0,0,0,0,0,0,0,0,0,0,7,16,15,13,12,5,16,13,8,6,7,8,1,0,0,0,0,0,0,0,0,0,0,0,0,0,0,0,3,0,0,0,0,0,1,0,1,0,0,0,0,0,0,0,0,0,4,17,5,4,1,0,0
16,20,1,3,3,3,1,0,0,1,1,0,1,1,0,0,7,2,3,1,3,4,0,1,0,0,0,0,2,10,0,5,1,8,0,0,0,0,3,0,1,0,1,3,1,0,2,2,0,0,0,0,1,1,0,1,0,1,0,0,0,0,0,2,0,1,1,1,11,7,1,0,1,2,0,0,0,1,0,1,1,0,1,0,0,0,1,0,0,0,0,1,0,0,0,0,0,0,0,0
0,0,0,0,0,0,0,0,0,1,0,0,0,0,0,0,0,0,0,2,1,1,0,0,0,0,0,0,0,1,0,0,0,0,0,0,0,0,0,0,0,0,0,0,0,0,0,1,0,0,1,0,0,0,0,0,0,0,0,0,0,0,0,0,0,0,0,0,0,0,1,0,0,0,0,0,0,0,0,0,0,0,0,0,0,0,1,0,0,0,0,0,0,0,0,0,0,0,0,0
0,0,1,0,1,0,0,1,4,3,2,0,1,0,1,1,1,1,1,0,4,0,0,0,0,2,1,0,0,13,0,0,0,0,0,31,1,0,0,21,1,2,26,2,1,0,2,0,0,0,5,0,2,2,0,0,19,26,15,14,8,5,2,0,0,0,0,0,0,0,0,0,0,1,0,0,7,1,1,0,0,1,0,0,0,0,7,4,2,0,0,2,1,2,4,0,3,0,0,1
1,1,1,5,1,5,11,5,1,7,2,1,7,7,1,1,0,1,0,2,0,0,1,1,1,5,0,1,17,0,0,1,8,2,1,0,2,2,1,3,3,3,0,2,3,11,6,5,13,3,5,0,0,0,17,15,9,13,10,3,3,1,5,23,3,0,1,0,1,12,0,8,3,0,2,26,40,5,3,1,22,3,7,0,0,33,33,30,5,0,0,1,0,0,0,0,0,0,0,0
0,0,0,0,0,1,0,0,0,0,0,0,0,2,0,0,0,0,1,0,0,0,0,0,0,0,0,0,0,1,0,0,0,0,0,0,0,0,0,0,0,2,0,4,8,2,3,0,0,0,0,0,0,0,0,1,0,2,2,0,0,0,0,0,0,0,2,10,6,1,0,0,9,12,8,4,1,0,2,2,4,11,5,1,1,0,0,0,0,1,0,2,0,4,7,0,9,5,3,0
0,0,8,9,4,5,7,0,8,13,10,14,5,4,4,6,8,5,4,3,7,7,7,12,7,3,5,0,3,0,0,1,0,0,0,0,0,0,0,0,1,2,0,0,2,0,11,1,1,0,0,2,0,0,0,0,0,1,1,7,6,3,0,2,2,0,0,2,2,4,0,4,2,18,0,0,1,2,1,3,10,9,3,0,3,0,0,5,0,0,6,4,0,0,4,1,1,0,3,7
0,0,0,1,1,0,3,1,1,0,5,4,1,1,0,0,0,0,0,2,1,1,0,0,0,0,0,0,0,0,0,0,0,1,1,0,0,1,0,0,0,0,0,0,0,0,0,0,0,0,0,0,5,2,1,0,0,0,0,1,1,1,2,1,1,1,0,0,0,0,0,0,0,0,0,0,1,1,0,0,1,0,0,5,0,0,0,10,7,5,4,1,0,6,10,13,7,0,1,0
0,1,0,3,0,0,0,0,0,1,0,0,0,0,0,1,1,0,0,1,1,2,1,0,0,0,0,0,0,0,0,0,0,0,0,0,1,2,0,0,0,1,0,0,3,11,5,1,0,1,1,0,0,1,0,0,0,0,0,0,0,0,2,0,0,0,0,7,4,0,0,2,1,2,0,0,2,0,1,0,0,0,0,3,1,2,0,0,2,0,0,0,0,0,0,0,0,0,1,0
0,0,0,4,4,14,5,0,0,0,0,0,2,12,1,0,2,0,0,0,0,0,0,0,0,0,0,0,0,0,0,0,0,1,0,0,0,0,0,0,0,0,0,1,0,0,0,0,0,0,0,0,0,1,0,0,1,1,0,0,1,0,1,1,0,0,0,2,1,1,0,0,0,2,0,0,0,0,0,0,0,0,0,0,0,1,0,0,3,0,0,0,0,0,0,0,0,0,1,0
0,0,0,1,0,0,0,0,0,0,0,2,2,0,0,2,7,5,5,0,0,1,1,0,0,4,4,0,0,0,0,0,1,2,0,1,0,0,0,0,2,1,0,0,1,0,0,0,0,0,0,0,0,0,0,0,0,1,0,1,0,0,0,3,1,1,1,0,0,0,0,0,0,0,0,0,0,1,0,0,0,0,0,0,0,0,0,0,0,0,0,0,0,0,0,0,0,0,0,0
0,0,0,0,0,0,0,0,0,0,0,0,0,1,3,6,0,4,1,0,1,4,0,0,0,0,0,0,0,0,0,0,0,0,0,0,0,0,0,0,0,0,0,0,0,0,0,0,0,0,0,0,0,0,0,0,0,0,0,0,0,0,0,0,0,0,0,0,0,0,0,0,0,0,0,0,0,0,0,0,0,0,0,0,0,0,0,0,0,0,0,0,0,0,0,0,0,0,0,0
0,0,0,0,0,0,1,2,0,0,0,0,0,0,0,0,0,0,0,0,0,0,0,0,0,0,0,0,0,0,1,0,0,0,0,0,0,0,0,0,0,0,0,0,0,0,0,1,0,0,1,0,0,1,1,1,0,0,0,0,0,0,0,0,1,0,0,0,1,0,1,0,0,0,0,0,0,0,0,0,0,0,0,0,0,0,0,0,0,1,0,0,0,0,0,0,1,0,0,0
0,0,1,0,0,0,1,0,0,0,0,0,5,2,0,0,0,0,0,0,0,0,0,1,0,1,0,1,0,1,1,0,2,4,1,14,7,5,18,1,1,0,0,0,0,1,0,0,0,1,1,0,1,0,0,0,3,14,5,9,1,1,16,0,9,6,1,4,3,3,1,2,2,0,0,1,4,0,1,1,1,0,0,2,1,9,4,2,0,0,0,1,0,1,2,2,1,0,0,0
0,0,0,0,0,0,0,0,0,0,0,0,0,0,0,0,3,0,1,2,2,0,0,0,0,0,0,1,0,0,0,0,0,0,0,0,0,0,0,0,0,2,0,0,1,0,0,0,9,0,0,0,0,0,0,0,1,1,2,3,4,3,1,0,0,3,1,2,1,0,1,1,0,1,0,0,1,0,0,0,0,0,0,0,0,0,0,0,0,1,0,0,0,0,0,0,0,0,1,0
1,0,0,0,0,0,0,0,0,0,0,0,1,2,0,0,0,1,1,0,0,0,0,0,0,1,0,0,0,0,0,0,0,0,0,0,0,0,0,0,0,0,0,0,0,0,0,0,0,0,0,0,0,0,0,1,1,0,0,0,0,0,0,1,0,0,0,0,0,0,0,0,2,0,0,1,0,0,2,8,0,0,1,0,1,0,0,0,0,0,1,1,0,0,0,0,0,0,0,1
0,1,1,7,2,2,1,2,3,2,1,2,1,3,0,0,1,0,0,4,0,8,0,0,2,5,12,11,2,6,3,3,3,5,1,5,6,0,4,3,3,0,0,0,0,0,0,0,1,0,0,0,0,0,0,0,0,0,8,1,1,0,0,0,0,0,0,0,0,0,1,0,10,3,1,2,0,5,1,1,0,0,1,1,0,0,0,0,0,0,0,0,0,0,0,0,1,0,0,1
0,0,0,0,0,2,0,0,0,0,0,0,0,0,6,15,0,1,0,0,0,0,0,0,0,0,0,0,0,0,0,0,0,0,0,0,0,0,0,0,0,0,0,0,0,0,0,1,1,1,0,0,0,0,0,0,0,1,0,0,0,0,0,0,0,0,0,0,0,0,0,0,1,0,0,0,0,0,0,0,0,0,0,0,0,0,0,0,0,0,0,0,1,0,0,0,0,0,0,0
0,0,0,0,0,0,0,0,0,0,0,0,0,0,0,0,0,0,0,0,0,0,0,0,0,0,0,0,0,0,0,0,0,0,0,0,0,0,0,0,0,0,0,0,0,0,0,0,0,0,0,0,0,0,0,0,0,0,0,0,0,0,0,0,0,0,0,0,0,0,0,0,0,0,0,0,0,0,0,0,0,0,0,0,0,0,1,0,0,0,0,0,0,0,0,0,0,0,0,0
0,0,0,0,0,0,0,0,0,0,0,0,0,1,0,0,0,0,0,0,0,0,0,0,0,0,0,0,0,0,0,0,0,0,0,0,0,0,0,0,0,0,0,0,0,0,0,0,1,3,2,1,1,3,1,0,0,0,0,0,0,0,0,0,0,0,0,0,0,0,0,0,0,0,0,0,0,0,0,1,0,0,0,0,1,0,0,0,0,0,0,0,0,0,0,0,0,0,1,1
0,0,0,0,0,2,3,0,0,1,0,1,1,0,0,1,0,1,2,0,0,1,0,0,0,0,1,1,5,16,9,0,1,1,0,0,0,0,0,5,0,0,0,0,0,0,0,0,0,0,0,0,0,0,3,0,0,0,0,1,3,2,1,2,1,1,0,1,0,0,2,0,0,0,0,0,0,0,0,0,4,11,0,3,1,0,0,0,0,0,0,0,1,0,0,0,0,1,1,0
0,0,0,0,0,0,0,5,10,5,0,0,0,11,0,0,0,0,0,0,0,0,0,0,0,0,0,0,0,0,1,0,0,0,0,0,0,0,0,0,0,0,0,0,0,0,0,0,0,0,0,0,0,0,0,0,0,0,0,0,0,0,2,1,0,1,15,8,1,0,1,0,0,0,2,0,1,1,0,0,0,0,0,0,0,0,0,0,0,0,0,0,0,0,0,0,0,2,13,14
1,9,1,0,2,0,0,0,0,0,0,1,0,0,2,0,0,0,0,1,0,1,0,0,0,2,4,1,12,0,0,0,0,8,0,0,0,0,0,0,0,0,0,0,0,0,0,0,0,0,1,0,4,3,2,0,23,7,0,0,0,1,2,0,4,0,0,1,1,13,7,3,1,1,0,0,0,0,0,0,0,0,0,0,0,0,0,0,0,4,1,0,2,7,1,14,3,5,0,0
0,0,7,5,2,2,3,0,0,1,0,0,0,0,2,3,1,0,2,0,0,0,0,2,0,0,5,8,10,9,5,13,3,0,6,0,1,0,0,0,0,0,0,0,0,0,0,0,0,0,0,0,0,3,0,0,2,0,0,8,1,0,0,0,0,2,1,4,2,3,0,2,1,0,0,0,0,0,0,0,0,0,0,0,0,1,5,8,9,4,0,0,0,0,0,2,0,0,0,0
0,0,0,0,0,0,0,0,0,0,0,0,0,0,0,0,0,0,0,0,0,0,0,0,0,0,0,0,0,0,0,0,0,0,0,0,0,0,0,0,0,0,0,0,0,0,0,0,0,0,0,0,0,1,0,0,0,0,0,0,0,0,5,2,2,0,0,0,0,0,0,0,0,0,0,0,0,0,0,0,0,0,0,0,0,7,3,8,5,2,0,0,0,0,0,3,0,1,0,3
4,0,1,0,0,0,0,0,0,15,0,0,0,0,0,0,0,0,0,0,0,0,1,0,0,0,1,0,0,0,0,0,0,0,9,14,0,2,1,6,21,0,0,0,0,0,0,0,0,0,0,18,0,0,6,0,0,21,15,2,14,0,0,0,0,0,0,0,0,0,0,0,1,0,1,0,0,18,10,10,1,0,0,0,0,1,0,0,1,0,0,0,1,0,1,0,0,0,0,1
0,1,0,0,1,0,0,0,0,0,0,0,0,0,0,2,31,1,0,0,0,0,0,0,0,0,1,2,0,0,0,2,6,1,2,1,0,0,1,1,1,0,0,0,0,4,0,1,0,0,0,1,0,2,0,0,0,0,0,0,0,0,0,0,0,0,0,0,0,0,0,0,0,0,0,0,0,0,0,0,0,0,0,0,0,0,0,0,0,0,0,0,1,11,18,12,0,0,1,13
0,0,0,0,0,0,0,0,0,0,0,0,0,0,0,0,0,0,0,0,0,0,0,0,0,0,0,0,0,0,0,0,0,0,0,0,0,0,0,0,0,0,0,0,0,0,0,0,0,0,0,0,0,0,0,0,0,0,0,0,0,0,0,0,0,0,0,0,0,0,0,0,0,0,0,7,0,0,0,1,0,0,0,0,0,0,0,0,0,0,0,0,0,0,0,0,0,0,0,0
0,0,0,0,0,0,0,0,0,0,0,0,0,0,0,0,0,0,1,0,1,0,0,0,0,1,0,0,0,0,0,0,6,15,16,2,2,0,0,0,0,1,1,0,0,0,0,0,0,0,0,0,0,0,0,0,1,1,0,0,0,0,0,0,0,0,0,0,1,0,2,0,0,0,2,0,0,0,0,1,1,0,0,2,9,2,1,0,0,0,0,14,1,0,0,0,0,0,0,0
0,0,0,2,3,2,1,2,6,0,0,0,0,0,0,0,0,0,0,0,0,3,5,2,3,0,0,0,0,0,0,0,0,0,0,1,0,0,1,1,2,1,1,1,0,0,0,0,0,0,0,0,0,0,1,0,0,0,0,0,0,0,0,0,0,0,0,0,0,0,0,1,0,0,0,0,1,1,0,0,0,0,0,1,0,0,0,0,0,0,0,1,0,0,0,0,1,0,0,0
0,2,12,6,7,0,8,4,7,3,0,1,0,0,0,0,0,0,9,1,0,0,0,2,1,2,1,0,0,1,1,4,8,2,4,4,1,1,1,0,0,3,3,1,2,0,0,0,2,1,1,1,0,0,0,0,0,0,0,0,0,0,10,14,17,9,6,0,1,0,2,0,8,4,0,1,1,0,14,9,0,0,0,0,1,1,0,1,0,4,2,0,1,0,5,6,2,2,1,1
1,0,0,0,0,6,10,5,7,10,5,0,0,2,2,0,1,0,1,2,1,0,4,2,0,5,12,4,7,1,0,0,0,0,0,1,0,0,1,0,0,0,0,0,0,2,0,0,0,0,0,0,0,1,1,0,0,0,4,2,2,2,5,8,4,0,0,2,3,3,1,0,3,5,0,0,1,1,11,5,1,1,1,0,1,1,1,2,2,1,1,0,4,1,0,0,3,5,2,2
0,0,0,0,0,0,0,0,0,0,0,0,0,0,0,0,0,0,1,0,0,0,0,0,2,3,2,0,0,0,0,0,0,0,1,0,1,2,0,4,2,2,1,1,0,0,1,0,0,2,3,1,4,2,0,0,0,0,0,1,1,0,0,0,0,0,0,0,0,0,0,0,0,0,0,0,0,0,0,0,0,0,0,0,0,0,0,0,0,0,0,0,0,0,0,0,0,0,0,0
0,2,3,17,13,9,2,13,6,2,8,12,0,2,0,0,0,2,4,13,6,7,11,1,0,0,3,4,1,21,2,5,0,0,3,12,0,11,3,6,6,0,3,21,3,1,0,0,4,4,11,3,6,5,5,1,2,4,9,15,10,0,4,2,16,8,3,3,0,0,1,5,25,0,0,0,0,0,8,36,18,28,41,21,0,0,0,4,14,11,2,10,9,2,0,3,1,0,2,1
1,2,18,2,0,2,1,1,1,0,1,0,1,0,0,0,1,0,0,0,0,0,1,1,0,0,0,1,0,0,0,2,1,1,0,1,2,1,5,2,0,0,0,0,1,4,11,3,0,1,0,0,0,1,0,0,0,0,1,0,1,0,0,3,0,0,8,5,2,4,17,19,13,12,4,8,4,1,1,2,0,0,4,13,13,7,25,19,29,19,4,0,0,0,0,0,0,0,0,0
0,0,0,0,0,0,0,0,0,0,1,0,0,0,0,0,0,0,0,0,3,3,11,13,0,2,0,0,7,16,8,5,1,0,1,0,1,0,0,0,0,0,0,0,0,0,1,0,0,0,0,4,11,12,0,0,16,23,13,0,5,0,0,0,0,0,0,1,1,1,1,1,0,0,1,5,0,0,0,0,0,0,0,0,0,0,1,0,0,0,0,0,0,0,0,0,0,0,0,0
0,0,0,0,0,0,0,0,0,0,0,0,0,0,0,2,3,4,2,0,0,0,1,1,0,0,1,0,0,0,0,1,0,0,0,0,1,1,0,0,0,0,1,0,0,0,0,0,0,0,0,0,0,0,0,0,3,0,1,1,0,2,3,0,1,0,0,0,0,0,1,0,1,0,0,0,0,0,0,0,0,0,0,0,0,0,0,0,0,0,0,0,0,0,1,2,5,7,7,0
0,0,0,0,0,1,0,0,0,0,2,3,0,0,0,1,1,0,0,0,0,0,0,1,0,0,2,0,0,0,1,0,0,0,0,0,5,17,22,5,0,0,0,0,0,4,0,0,0,0,0,0,0,0,0,0,0,0,0,0,0,0,0,0,0,4,0,0,0,0,11,7,0,0,0,0,0,0,1,0,0,0,0,0,0,5,16,0,0,0,1,0,0,0,0,0,0,1,0,0
0,0,0,0,0,0,0,0,0,0,0,0,0,0,0,0,0,0,0,0,0,0,0,0,0,0,0,0,1,0,0,0,0,0,0,0,0,0,0,0,0,0,0,0,0,0,0,0,0,0,0,0,0,0,0,0,0,0,0,0,0,0,0,0,0,0,0,0,0,0,0,0,0,0,0,0,0,0,0,0,0,0,0,0,0,0,0,0,0,0,0,0,0,0,0,0,0,0,0,0
0,0,0,0,0,0,0,0,0,0,0,0,0,0,0,0,0,0,0,0,0,0,0,0,0,0,0,0,5,11,1,0,0,0,0,12,3,0,0,0,0,0,0,0,0,0,0,1,1,0,0,0,0,0,2,0,0,0,0,0,0,0,0,0,0,0,0,0,0,0,0,0,0,0,0,0,0,0,0,0,0,0,0,0,0,1,0,0,0,0,0,0,0,0,0,0,2,0,0,3
0,0,0,0,0,0,0,0,3,2,0,0,0,2,1,0,0,2,2,0,0,0,1,0,0,0,0,0,0,0,0,0,0,0,0,0,0,0,0,1,0,0,0,0,0,0,0,0,0,0,0,0,1,1,0,1,2,0,0,0,0,0,0,0,0,0,0,0,0,0,0,0,0,0,0,0,0,0,0,0,0,0,0,0,0,0,0,0,0,0,10,12,5,1,5,1,2,0,0,0
0,0,0,0,0,0,0,0,0,0,0,0,0,1,2,1,0,0,0,0,0,0,0,0,8,14,0,0,0,2,1,1,0,0,0,0,1,0,0,0,0,0,0,0,0,0,0,0,3,2,0,0,0,1,2,0,0,0,0,0,1,2,0,0,0,0,0,0,0,0,0,0,0,0,0,0,0,0,0,0,0,0,0,0,0,0,0,0,0,0,0,0,0,0,0,0,0,0,0,0
0,0,0,0,0,0,0,0,0,1,0,0,0,0,0,0,1,0,0,0,0,0,0,0,0,0,0,1,0,0,0,0,0,0,0,0,1,0,1,0,1,1,0,0,0,0,0,0,0,0,0,0,0,0,0,0,0,0,0,2,0,0,0,0,0,0,0,0,0,0,0,0,0,0,0,0,0,0,0,0,0,0,0,0,0,0,0,0,0,0,0,0,0,0,0,0,0,0,0,0
0,0,0,0,0,0,0,0,0,0,0,0,0,0,0,0,0,0,0,0,0,0,0,0,0,0,0,0,0,0,0,0,0,0,0,0,0,0,0,0,0,0,0,0,0,0,0,0,0,0,0,0,0,0,0,0,0,0,0,0,0,0,0,0,0,0,0,0,0,2,0,0,0,0,0,0,0,0,0,0,0,0,0,0,0,0,0,0,0,0,0,0,0,0,0,0,0,0,0,0
0,0,0,0,0,0,0,0,0,0,0,0,2,1,0,0,0,0,0,0,0,0,0,0,0,0,0,0,0,0,0,0,0,0,0,0,0,0,0,0,0,0,0,0,0,0,0,0,0,0,0,0,1,0,0,0,0,0,0,0,0,0,0,0,0,0,0,0,0,0,0,0,1,0,0,0,0,0,0,0,0,0,0,0,0,0,0,0,0,0,0,0,0,0,0,0,0,0,0,0
0,0,0,0,0,0,1,0,0,0,0,0,0,0,0,0,3,8,4,0,0,0,0,0,0,0,1,0,0,0,1,0,0,3,6,0,0,0,0,0,0,0,0,0,0,0,1,0,0,0,0,0,0,0,0,0,0,0,0,0,0,0,0,0,0,0,0,0,0,0,0,0,0,0,0,0,0,0,0,0,1,0,0,0,0,0,0,0,0,0,0,0,0,0,0,0,0,0,0,0
0,0,0,0,0,0,0,0,0,0,0,0,0,0,0,0,0,0,0,0,0,0,0,0,0,0,0,0,0,2,1,0,0,0,0,0,0,0,0,0,0,0,0,0,0,0,0,0,0,0,0,0,0,0,0,0,0,0,0,0,0,0,0,0,0,0,0,0,0,0,0,0,0,0,0,0,0,0,0,0,0,0,0,0,0,0,0,0,0,0,0,0,0,0,0,0,0,0,0,0
0,0,0,0,0,0,2,1,0,0,0,0,0,0,0,0,0,0,0,0,1,1,0,0,0,2,5,1,4,0,0,0,0,0,0,0,0,0,1,3,0,1,3,1,0,0,0,0,0,0,0,0,7,0,0,0,0,0,0,0,0,0,1,0,0,0,0,0,0,0,0,0,0,0,0,0,0,0,1,0,0,0,0,0,0,0,0,0,0,0,0,1,0,0,0,0,0,0,0,0
0,0,0,0,0,0,2,0,0,1,2,1,0,0,0,0,0,0,0,0,0,5,1,2,3,2,1,3,1,0,0,0,0,5,5,0,0,0,0,0,0,0,0,0,0,0,0,0,0,0,0,0,0,1,0,0,0,1,0,0,0,1,0,0,0,0,0,0,0,0,0,0,0,0,0,0,0,0,0,0,0,0,1,0,0,0,1,0,0,0,0,0,0,0,0,0,0,0,0,0
0,0,0,0,0,0,0,0,0,0,0,0,0,0,0,0,0,0,0,0,0,0,0,0,0,0,0,0,0,0,0,0,0,0,0,0,0,0,0,0,0,0,0,0,0,0,0,0,0,0,0,0,0,0,0,0,0,0,0,0,0,0,0,0,0,0,0,0,0,0,0,0,0,0,0,0,0,0,0,0,0,0,0,0,0,0,0,0,0,0,0,0,0,0,0,0,0,0,0,0
0,0,0,21,0,0,0,0,0,0,0,0,1,1,1,3,0,0,0,0,0,14,1,2,0,0,1,12,0,0,0,1,2,14,8,2,0,0,1,1,0,0,0,1,0,0,0,0,0,0,0,0,1,0,0,0,0,0,0,0,0,3,14,0,0,2,0,1,1,0,0,1,1,0,0,20,9,5,1,0,0,9,7,14,20,0,0,1,0,0,0,1,1,0,0,0,0,5,3,4
0,0,0,0,0,0,0,0,0,0,0,0,0,0,0,0,0,0,0,0,0,0,0,0,0,0,1,0,0,0,0,1,0,1,0,4,7,4,3,0,1,7,1,2,0,0,0,0,2,2,8,18,1,15,11,13,1,0,1,0,2,2,1,2,1,2,1,1,0,0,1,0,1,0,4,0,0,3,0,3,3,2,13,2,1,0,3,1,0,10,8,0,1,0,0,0,0,0,0,1
0,3,1,0,1,0,0,1,1,1,1,0,0,0,1,2,1,0,0,0,0,0,1,0,0,1,0,2,0,1,2,0,0,1,0,0,0,0,0,3,1,0,3,0,0,0,0,0,0,0,0,0,0,0,0,0,0,0,0,0,0,0,0,0,0,0,0,0,0,0,0,0,0,0,0,0,0,0,0,0,3,9,3,0,0,0,0,1,0,0,2,0,0,0,0,0,0,0,0,0
0,0,0,0,0,0,0,0,1,0,0,0,1,0,0,2,0,0,1,0,1,0,1,0,0,0,0,0,1,0,0,1,3,0,0,0,0,0,0,0,0,2,0,0,0,0,0,0,0,0,0,0,0,0,0,0,0,0,0,0,0,0,0,0,0,0,0,0,0,0,0,0,0,0,0,0,0,0,0,0,1,0,0,0,0,0,0,0,0,0,0,0,0,0,0,0,0,0,0,0
0,0,0,0,0,0,0,0,0,0,0,0,0,0,0,0,0,0,0,1,0,0,0,0,0,0,0,0,0,0,0,0,0,0,0,0,0,0,0,0,0,0,0,0,0,0,0,0,0,0,0,0,1,4,2,0,12,7,2,4,3,0,0,0,1,0,1,0,0,0,0,0,1,0,0,0,0,0,0,0,0,0,0,0,0,0,0,0,0,0,0,0,0,0,0,1,0,0,0,0
0,0,1,8,1,0,0,0,0,0,0,1,3,3,0,0,5,0,0,0,0,0,0,0,0,0,2,1,0,0,0,0,0,0,0,0,0,0,0,0,1,0,0,0,0,0,0,0,0,5,3,0,0,0,0,0,0,0,0,1,0,0,0,0,0,0,0,0,0,0,0,9,7,0,4,0,0,1,7,8,0,0,1,0,0,2,0,0,0,0,0,0,0,0,0,0,0,0,0,0
2,5,12,0,0,2,0,2,0,0,4,4,1,5,1,1,0,0,0,0,0,0,9,1,6,1,0,0,0,0,0,0,0,0,0,0,0,0,0,0,0,0,0,2,0,0,0,0,0,0,0,0,0,1,0,0,0,0,0,0,1,0,0,0,1,0,2,1,2,0,0,0,1,0,2,1,0,0,1,0,0,0,0,0,2,2,11,3,1,0,0,1,5,0,0,0,0,0,0,0
0,0,0,9,12,6,2,0,0,0,0,0,0,0,0,0,0,0,0,0,0,0,0,0,1,0,1,0,0,0,0,0,0,0,0,0,0,0,0,0,0,0,0,0,0,0,0,0,0,0,0,0,0,0,0,0,0,0,0,0,0,0,1,0,0,2,3,10,10,12,12,7,0,0,2,2,0,0,1,0,0,0,0,0,1,0,0,0,0,0,0,0,0,0,0,0,0,0,0,0
1,0,0,0,0,0,0,1,0,1,1,9,4,0,0,1,0,0,0,0,0,0,0,0,0,0,0,0,0,0,0,0,0,0,0,0,0,0,0,0,0,0,0,0,0,0,0,0,0,0,0,0,0,0,0,0,0,4,3,0,0,2,10,10,4,10,0,0,0,0,0,4,5,0,0,0,1,1,1,0,0,1,14,9,2,2,1,1,0,0,2,0,1,1,0,0,0,0,9,5
3,7,7,5,0,0,1,7,18,0,6,6,1,0,3,1,3,1,4,0,5,1,2,1,0,3,14,6,7,8,0,7,2,14,4,0,1,0,12,10,0,0,1,2,2,1,0,2,1,2,3,7,12,0,1,5,3,0,1,0,4,0,0,2,0,0,0,0,0,6,1,4,1,2,0,10,3,7,2,5,18,1,1,1,0,0,0,0,4,0,2,1,2,3,2,4,2,2,3,0
0,0,0,0,0,0,0,0,0,0,0,0,0,0,0,0,0,0,0,0,0,0,0,0,0,0,0,0,0,0,0,0,0,0,0,0,0,0,0,0,0,0,0,0,0,0,0,0,0,0,0,0,0,0,0,0,0,0,0,0,0,0,0,0,0,0,0,0,0,0,0,0,0,0,0,0,0,0,0,0,0,0,0,0,0,0,1,0,0,0,0,0,0,0,0,0,0,0,0,0
0,0,1,0,0,0,0,0,1,0,0,0,0,0,0,1,0,0,0,0,0,0,1,1,0,0,0,0,0,0,0,2,1,0,3,0,1,0,0,0,0,0,0,0,0,4,5,3,2,0,0,0,8,0,0,0,0,0,0,0,1,1,0,0,0,0,2,0,0,0,0,2,0,0,0,0,0,0,0,0,0,0,0,0,0,0,0,1,0,2,0,1,0,0,1,0,0,1,1,3
0,0,0,0,0,0,0,0,0,0,0,0,0,0,1,2,0,0,0,1,0,0,0,0,0,0,0,0,0,0,0,1,0,0,0,0,0,0,0,0,0,0,0,2,1,0,0,0,0,0,0,0,0,0,0,2,4,0,8,7,0,0,0,0,0,0,0,0,1,0,0,0,0,0,0,1,0,2,0,0,0,0,0,13,0,1,1,0,2,0,0,0,0,0,0,1,0,0,1,2
0,0,0,0,0,0,0,0,0,0,0,0,0,0,0,0,0,0,0,0,0,0,0,0,0,0,0,0,0,0,0,0,0,0,0,0,0,0,0,0,0,0,0,0,0,0,0,1,1,0,6,11,14,8,1,0,2,0,0,8,12,7,9,10,2,5,0,0,0,9,4,5,8,2,0,0,0,0,0,0,1,1,0,0,0,1,0,0,1,1,0,0,0,0,8,7,6,8,5,2
19,9,2,10,17,23,10,1,0,0,0,7,0,0,0,0,2,3,7,3,0,0,1,2,2,0,1,3,0,4,6,3,0,10,9,7,15,1,14,2,1,2,11,0,1,0,9,4,12,8,12,5,3,0,27,5,6,2,0,0,0,0,0,1,0,1,0,0,0,0,0,0,0,0,0,0,0,1,0,0,0,0,0,0,0,0,1,0,0,0,0,0,0,1,0,0,0,0,0,0
0,0,0,0,0,0,0,0,0,0,0,0,0,0,0,0,0,0,0,0,0,0,0,0,0,0,0,0,0,0,0,0,0,0,0,0,0,0,0,0,0,0,0,0,0,1,16,10,9,19,7,0,0,0,0,0,0,0,0,0,0,1,1,1,0,0,0,0,0,0,0,0,0,0,0,0,0,0,0,1,0,0,0,0,0,0,0,0,0,0,0,0,0,0,0,0,1,0,3,0
0,0,0,0,0,0,0,1,1,0,0,0,0,1,2,1,0,3,1,1,4,4,0,0,0,0,0,0,0,0,0,0,0,0,0,0,0,0,0,0,0,0,0,0,0,0,0,0,1,1,1,1,0,2,0,0,0,0,2,1,0,0,1,0,1,0,1,0,0,0,0,1,0,0,0,0,0,0,0,0,2,0,0,0,0,0,0,1,3,5,6,12,0,0,0,0,0,0,0,0
3,3,0,2,0,0,0,0,0,1,0,0,0,0,0,0,0,18,9,0,0,0,0,1,0,0,0,0,0,0,0,0,0,0,0,0,0,1,0,0,0,0,0,0,0,4,0,0,1,0,0,0,0,0,0,0,0,0,0,0,0,0,0,0,0,0,0,0,1,2,0,0,0,0,0,0,0,0,0,0,0,0,0,0,0,0,0,1,0,0,1,0,0,0,0,0,3,1,2,0
0,0,0,0,0,0,1,0,1,1,0,0,0,2,2,2,0,0,1,0,2,1,1,4,3,0,0,0,2,0,0,0,0,1,6,3,2,0,0,0,4,2,0,1,2,5,1,2,2,0,0,0,0,0,0,4,0,3,3,3,3,1,0,0,2,0,0,3,2,5,5,2,1,1,2,0,0,1,2,4,2,0,0,0,0,0,0,0,2,1,0,0,0,0,0,0,0,1,0,0
0,0,0,0,0,0,1,0,1,1,2,0,0,0,0,3,0,0,0,0,0,0,0,0,0,0,0,0,0,0,0,0,0,0,0,0,0,4,5,1,0,1,1,0,0,0,0,4,0,0,0,0,0,0,0,0,0,0,0,0,0,0,0,0,0,0,0,0,0,0,0,0,0,0,0,0,0,0,0,0,0,0,0,0,1,0,0,0,0,0,0,0,0,0,8,5,5,3,3,4
2,0,1,0,0,0,0,0,0,0,0,0,0,0,0,0,0,0,0,0,0,0,0,0,0,0,0,0,0,0,0,0,0,4,4,0,11,5,1,0,3,2,5,13,0,1,0,0,0,0,0,0,1,0,0,0,0,0,0,1,0,0,0,0,0,0,1,0,0,1,1,1,0,1,3,1,0,10,4,7,4,2,0,9,5,0,1,2,0,2,0,1,0,1,0,0,1,2,11,1
0,0,0,0,0,0,0,0,0,0,0,0,0,0,0,0,0,0,0,0,0,0,0,0,0,0,0,0,0,0,0,0,0,0,0,0,0,0,0,0,0,0,0,0,0,0,0,0,0,1,2,0,0,2,1,1,0,0,2,2,1,1,1,1,0,1,0,0,0,0,0,0,0,0,0,0,0,0,0,0,0,0,0,0,0,0,0,0,0,0,0,0,0,0,2,2,1,1,1,0
0,0,0,24,16,4,0,0,0,0,2,0,1,0,1,0,0,0,2,1,7,10,1,3,1,0,6,6,0,1,11,17,15,8,19,2,10,7,2,0,3,2,0,0,3,1,1,0,1,3,4,0,0,0,1,0,3,0,3,6,5,18,2,0,0,0,0,2,0,0,6,13,3,4,1,2,0,4,0,2,0,2,5,8,0,9,11,2,6,3,0,0,0,0,12,16,2,0,0,0
0,0,0,0,0,0,0,0,0,0,0,0,0,0,0,0,0,0,0,0,0,0,0,0,0,0,0,0,0,0,0,0,0,0,2,2,1,3,2,2,1,2,2,3,2,2,2,1,1,1,0,0,0,0,0,0,0,0,0,0,0,0,0,0,0,0,0,0,0,0,0,0,0,0,0,0,0,0,2,2,2,2,2,2,2,2,1,0,0,0,0,1,0,1,2,2,0,0,0,0
0,0,0,18,22,13,7,9,0,0,0,0,2,1,5,3,0,0,0,1,0,0,1,1,0,1,2,1,0,0,0,0,0,1,1,0,1,2,8,0,0,1,0,0,0,0,10,9,19,6,1,9,3,1,0,0,0,1,2,0,0,0,0,0,0,0,0,0,0,0,0,0,0,0,0,1,0,0,1,1,0,0,0,1,0,4,2,0,7,14,2,1,0,1,0,15,5,10,15,3
10,0,0,0,1,0,0,0,0,0,0,0,0,0,0,0,0,0,0,0,0,0,0,0,0,0,0,0,0,0,0,0,0,0,1,0,0,0,0,0,0,0,3,3,10,4,0,3,2,0,0,0,1,0,0,0,0,0,0,0,0,0,0,1,2,2,0,4,1,2,0,0,0,0,0,0,0,1,5,4,2,3,5,3,3,5,2,4,2,6,1,0,0,0,1,0,0,0,0,0
0,1,0,0,0,0,0,0,0,0,1,1,0,0,2,0,0,0,0,0,0,0,0,2,0,1,0,1,0,0,0,0,0,0,3,1,0,0,5,4,1,8,1,3,0,0,0,1,1,16,8,0,1,1,0,0,0,0,0,0,0,0,0,0,0,0,0,0,2,0,0,0,0,0,0,0,0,0,0,0,0,0,0,0,0,0,0,0,0,0,0,0,0,0,0,0,0,0,6,9
0,3,11,1,0,1,1,6,0,0,0,0,3,3,14,22,11,13,3,0,14,6,0,0,0,2,1,0,2,3,0,0,5,7,0,4,6,6,6,7,3,1,1,0,2,7,12,7,0,1,1,0,0,1,0,0,0,0,1,0,3,2,1,1,1,1,2,4,3,1,0,2,1,1,0,0,1,1,0,0,0,0,13,12,11,10,2,0,0,0,0,0,0,0,1,1,0,0,1,0
2,0,1,0,1,0,1,1,1,1,0,0,0,2,3,2,15,22,24,16,2,0,0,5,0,0,0,6,8,2,0,0,0,0,0,0,0,0,0,2,2,0,0,0,0,0,0,1,0,1,0,0,1,0,1,0,0,2,1,1,0,0,0,1,2,6,8,0,0,0,0,0,1,0,0,3,3,2,1,7,32,9,15,0,3,2,2,2,1,0,0,4,0,0,1,1,0,0,0,0
0,0,0,0,0,0,0,3,2,0,0,0,0,0,0,0,0,0,0,0,0,0,0,3,0,10,2,1,1,0,2,0,3,0,1,0,2,0,0,0,1,0,0,0,0,3,0,0,0,0,0,0,0,0,0,14,8,0,0,0,3,1,1,6,4,1,3,0,9,4,9,15,2,0,0,1,1,1,0,2,0,4,0,0,0,0,0,1,2,0,1,0,0,0,0,0,0,0,0,0
0,0,0,0,0,0,0,0,0,0,0,0,0,0,0,0,3,3,4,0,0,0,0,0,0,0,0,0,0,0,0,0,0,0,0,0,0,0,0,0,0,0,0,0,0,2,1,1,1,0,1,1,1,0,0,0,0,0,0,0,0,0,8,3,4,1,4,10,8,11,12,7,9,0,0,0,0,0,0,0,0,0,0,0,0,0,0,0,0,0,0,0,0,0,0,0,0,0,0,0
0,0,0,0,1,0,0,0,0,0,1,0,0,5,2,0,0,0,0,0,0,0,0,0,0,8,1,4,1,1,0,0,0,6,2,2,11,8,4,1,0,0,0,0,0,0,0,0,0,0,0,0,1,0,1,3,1,0,1,0,1,0,3,6,11,1,0,0,0,1,0,0,0,1,2,8,20,2,3,16,2,3,10,3,0,0,1,1,1,0,0,3,3,0,3,2,0,1,0,1
0,1,0,0,12,10,4,1,0,0,0,0,0,0,0,0,0,0,0,9,1,9,3,8,0,0,0,8,4,1,1,2,28,8,0,3,6,8,5,9,0,0,0,3,1,0,0,0,0,0,0,0,0,0,0,0,0,0,0,0,0,0,0,0,0,0,0,0,0,0,0,0,0,0,0,0,0,0,0,0,0,0,0,0,0,0,0,0,0,0,0,0,0,0,0,0,0,0,0,0
0,0,11,0,1,0,1,1,0,2,2,2,1,0,1,0,0,1,0,0,0,0,2,3,21,0,0,5,10,0,0,0,1,4,1,3,1,4,1,4,3,3,2,2,1,5,2,4,1,6,2,3,0,0,6,3,13,3,7,16,3,0,1,1,1,0,0,0,0,2,3,2,1,2,2,1,0,1,0,0,0,0,0,0,0,0,0,1,1,4,1,1,1,1,0,1,1,0,0,0
1,1,0,0,0,0,2,0,1,0,0,0,0,0,0,0,0,0,0,1,0,0,0,0,0,0,0,0,3,1,2,2,6,5,3,3,5,0,0,0,0,0,0,0,0,0,0,0,0,0,0,0,0,0,0,0,6,7,0,5,4,0,0,0,0,0,0,0,0,0,0,3,5,0,0,0,0,0,0,0,0,0,0,0,8,3,1,1,6,4,2,0,1,0,0,0,1,0,1,0
4,2,1,15,1,7,4,1,3,0,8,2,4,11,9,0,1,0,0,7,12,0,12,11,5,9,10,11,4,8,17,16,8,0,6,8,8,1,3,5,24,5,2,0,0,0,0,0,0,0,0,0,0,0,1,0,0,0,0,11,11,8,4,3,20,1,1,6,1,0,4,22,4,8,23,0,0,0,2,0,0,0,0,0,4,0,3,19,0,3,3,1,3,21,25,0,2,3,1,10
2,3,3,2,1,1,1,3,0,3,2,2,5,7,5,1,0,0,3,0,0,0,0,0,0,0,0,0,0,0,0,0,0,0,0,0,0,0,0,0,0,0,0,0,0,0,0,0,1,0,0,0,0,0,0,0,0,2,0,1,0,0,0,0,1,1,0,0,0,0,2,0,0,0,1,0,1,0,0,0,0,0,0,0,0,2,1,0,0,0,0,0,0,1,0,0,0,0,0,0
0,0,1,0,0,0,1,1,0,1,1,1,0,0,0,0,1,0,0,0,0,0,0,0,0,0,0,0,0,0,0,0,0,0,0,0,0,0,0,0,0,0,0,0,0,0,0,0,0,0,0,0,0,0,0,0,1,0,2,1,0,0,0,0,1,0,0,0,0,0,0,0,0,0,2,8,0,0,7,0,0,0,0,0,0,0,0,1,1,0,0,0,0,3,13,11,17,13,10,16
10,0,3,0,0,0,0,0,0,0,0,0,0,1,0,1,16,19,2,2,6,12,26,7,0,0,2,0,1,0,5,0,0,0,1,0,0,0,5,9,5,4,4,0,3,2,2,2,0,0,7,6,16,22,11,6,3,6,20,0,0,0,0,0,0,0,0,3,1,0,0,1,1,4,0,3,0,0,1,1,3,0,5,5,2,0,0,0,0,0,0,0,0,0,0,0,0,0,0,0
6,10,12,18,17,4,5,1,3,3,2,2,1,1,4,2,3,1,2,0,2,2,0,1,2,2,0,1,0,3,2,0,0,0,7,5,10,11,4,15,11,16,12,10,10,10,11,7,3,2,7,5,4,0,1,1,0,3,3,0,5,1,5,7,4,4,6,8,1,0,3,4,11,5,5,2,1,1,3,0,0,6,0,0,0,0,0,0,0,0,0,0,0,0,0,0,0,0,0,0
2,0,4,4,0,0,0,2,1,0,0,1,0,0,0,0,9,7,3,5,2,3,10,19,1,12,1,6,3,0,0,3,7,4,0,0,0,2,4,5,5,2,0,2,0,21,2,0,3,2,0,0,0,0,0,2,0,1,1,0,0,1,0,3,2,1,0,0,0,1,1,2,0,0,0,0,0,0,0,0,0,0,0,0,0,0,0,1,1,0,0,2,1,1,0,2,0,9,0,0
7,12,1,0,1,9,0,0,0,0,1,0,0,0,35,36,24,14,2,1,2,14,6,0,33,52,14,0,1,4,11,22,15,25,0,0,0,0,0,0,0,2,2,7,0,0,0,12,15,5,0,0,3,4,1,0,1,2,8,0,2,7,2,5,0,0,0,0,0,0,0,0,0,0,25,0,0,19,23,3,1,0,6,0,0,0,0,0,0,0,0,0,0,0,0,0,0,0,0,0
0,4,0,4,0,1,0,0,0,0,11,1,2,1,0,7,4,0,7,12,24,9,27,2,21,26,7,5,20,1,25,2,15,34,7,19,2,0,5,0,6,6,1,0,15,12,2,0,1,0,7,3,0,0,4,11,4,6,3,0,13,16,5,4,1,4,4,3,10,0,2,0,1,6,5,3,0,3,2,1,1,29,17,17,1,0,0,0,0,3,0,0,0,1,0,0,6,4,7,3
0,1,0,0,0,0,0,0,0,0,0,0,0,0,0,0,0,0,0,0,0,0,0,0,0,0,0,0,0,0,1,2,0,0,0,0,0,0,0,0,0,0,0,0,0,1,1,3,1,2,0,0,0,0,0,0,1,0,0,0,0,0,0,0,0,0,0,0,0,0,0,0,1,0,0,0,0,0,0,0,1,1,1,1,0,0,1,1,0,1,1,2,1,1,1,1,0,1,0,0
4,5,0,0,2,10,0,1,0,1,1,0,0,0,0,0,0,1,4,0,0,0,0,0,6,2,3,2,0,0,5,15,3,4,10,5,1,9,6,2,5,7,13,0,0,0,0,0,3,2,3,7,5,11,1,2,8,14,4,0,0,12,11,0,0,3,0,0,0,8,2,2,1,2,8,3,2,1,0,1,10,6,24,24,19,4,0,0,0,0,0,0,0,0,0,0,0,0,2,1
2,6,4,4,1,0,3,1,1,4,1,3,2,1,2,0,0,9,7,0,1,1,1,1,0,0,0,4,4,7,6,1,0,0,3,0,0,9,14,3,3,0,0,0,0,4,0,0,0,0,8,21,1,0,0,2,0,0,0,0,1,1,3,1,11,0,12,1,2,8,15,3,0,0,0,0,0,0,0,1,0,0,0,0,0,2,0,1,0,2,0,1,0,0,0,0,0,0,0,0
0,0,0,0,0,0,0,0,0,0,0,0,0,0,0,0,0,5,4,4,6,4,4,3,4,2,5,5,2,2,2,2,0,0,0,0,0,0,0,0,0,0,0,0,0,0,0,0,0,0,0,0,0,0,0,0,1,4,0,0,0,0,0,0,0,0,0,0,0,0,0,0,0,0,0,0,0,0,0,0,0,0,0,0,0,0,0,0,0,0,0,2,1,1,0,0,0,0,0,0
2,0,0,1,0,0,0,0,0,0,0,0,0,0,0,0,1,1,0,0,2,3,0,0,0,1,0,2,4,1,8,12,4,0,1,1,2,1,1,2,2,0,0,2,5,10,14,5,9,4,1,0,0,0,0,0,1,1,0,0,0,0,0,0,1,0,0,0,0,1,0,1,0,1,1,0,0,0,0,0,0,0,0,0,0,0,0,0,0,0,0,0,2,5,3,6,2,2,0,0
0,0,0,1,0,4,4,1,6,0,0,0,0,0,1,2,0,0,2,2,0,1,0,0,0,0,4,0,0,0,0,1,0,1,2,4,0,0,0,5,6,0,0,0,0,0,0,0,0,0,0,0,6,3,0,0,16,12,2,1,1,2,0,9,0,0,0,0,3,0,0,0,0,0,0,1,0,1,0,3,6,0,1,0,0,0,0,0,0,0,1,0,0,0,0,0,0,0,0,0
1,2,0,0,1,0,1,8,5,7,4,0,1,1,0,4,1,1,1,4,2,0,2,0,1,1,0,1,3,0,2,0,1,8,1,0,2,7,0,0,1,0,2,3,0,3,1,6,8,8,11,0,0,0,1,1,0,10,9,14,7,0,20,22,5,0,10,5,1,1,3,6,2,7,8,1,5,2,2,4,4,10,0,0,0,0,1,2,1,15,19,5,7,5,1,0,1,6,5,0
0,12,29,37,43,2,0,0,0,0,3,3,2,1,0,0,15,1,0,22,11,1,0,0,0,7,28,10,13,11,1,18,17,15,19,25,6,1,5,12,0,0,6,7,0,1,9,0,5,1,8,19,18,18,4,31,35,24,7,3,3,2,2,14,7,3,13,14,0,3,1,15,20,8,14,1,14,21,5,3,25,3,6,24,2,2,9,10,43,30,0,6,21,11,5,0,1,7,1,0
0,0,0,0,0,0,0,0,0,0,0,1,0,0,0,0,0,0,0,0,0,0,0,0,0,0,0,0,0,4,3,6,6,0,0,8,2,0,4,0,0,0,0,0,0,0,0,1,2,0,0,0,0,0,0,0,0,0,0,0,0,0,0,0,0,0,0,0,0,0,0,0,0,0,0,0,0,0,0,0,0,0,0,0,0,0,0,0,0,0,0,0,0,0,0,0,0,0,0,0
0,0,0,1,0,1,0,1,0,0,0,0,0,0,0,0,0,0,1,0,0,0,0,0,2,2,0,0,0,0,0,11,9,3,0,0,0,0,0,0,0,0,0,7,1,1,13,4,1,0,0,2,1,0,0,0,1,0,0,0,0,2,3,2,0,0,0,0,0,0,0,0,0,0,0,0,0,0,0,0,0,0,0,0,0,0,0,0,0,0,0,0,0,0,0,0,0,0,0,0
0,3,9,0,3,0,0,0,0,0,0,3,0,0,0,0,0,0,0,0,0,0,0,2,7,1,0,0,1,0,0,0,6,2,7,0,0,2,0,1,4,2,3,0,2,1,0,0,0,0,0,1,0,0,1,0,0,0,0,1,0,0,1,0,1,1,0,1,0,0,0,0,0,0,0,6,4,0,0,0,0,0,0,1,1,0,0,0,0,0,0,0,0,0,1,0,0,0,0,0
1,0,0,0,0,2,0,0,0,0,0,5,1,0,0,0,0,0,0,0,4,8,1,3,3,0,0,0,0,0,0,1,0,0,0,0,0,1,6,0,0,0,0,0,0,0,0,0,0,0,1,1,0,0,1,2,0,0,0,0,1,0,0,1,0,0,0,0,0,0,0,1,0,0,0,0,0,0,0,0,1,0,0,0,0,0,0,0,0,0,0,0,0,0,0,0,1,0,0,1
0,0,0,1,2,2,5,2,0,0,0,0,2,1,1,0,0,0,0,3,1,0,0,0,2,3,8,0,2,0,0,0,0,1,0,0,1,0,1,1,1,9,5,0,0,0,0,0,0,0,0,1,2,0,0,5,2,2,0,5,0,0,2,3,0,0,0,0,0,0,0,1,1,0,3,0,0,0,0,0,0,1,0,1,0,0,2,0,1,3,0,2,0,0,0,0,0,1,0,0
0,0,0,0,0,0,0,0,0,0,0,0,0,0,0,0,2,9,5,1,0,0,0,0,0,0,0,0,0,0,0,2,0,0,0,0,0,0,1,0,0,0,0,0,0,0,0,0,0,0,0,3,0,0,0,0,2,5,2,0,1,0,0,0,0,0,0,0,0,0,0,0,0,0,0,0,0,2,1,1,0,0,0,0,1,1,0,1,2,0,0,0,0,0,0,0,0,0,0,0
0,0,0,0,0,0,0,0,0,0,0,0,0,0,0,0,0,0,0,0,0,0,0,0,0,0,0,1,0,1,0,0,0,1,2,0,1,0,0,0,1,0,0,0,0,0,0,0,1,0,0,0,0,0,3,0,1,0,0,0,0,0,0,0,0,0,0,0,0,1,1,0,0,0,0,0,0,0,1,0,0,4,0,0,0,0,0,0,0,0,0,0,0,0,0,0,0,0,0,0
0,0,0,0,0,0,0,0,0,0,0,0,0,0,0,0,0,0,0,0,0,0,0,0,0,0,0,0,0,0,0,0,0,0,0,0,0,0,0,0,0,0,0,0,0,0,0,0,0,0,0,0,0,0,0,0,0,0,0,0,0,0,1,4,0,0,0,0,0,0,0,0,0,0,0,0,0,0,0,0,0,0,0,0,0,0,0,0,0,0,0,0,0,0,0,0,0,0,0,0
0,0,0,0,0,0,0,1,0,1,0,0,0,1,0,2,0,0,1,0,2,0,0,0,0,0,0,0,1,2,0,2,0,0,0,0,0,0,0,1,0,0,0,0,0,0,0,0,0,0,0,1,0,1,0,0,0,0,1,0,0,0,0,0,0,0,0,0,0,0,0,0,0,2,2,1,0,0,0,1,2,0,0,0,0,0,8,0,0,0,0,6,13,1,9,12,1,0,0,0
0,0,0,0,0,0,3,0,2,4,2,1,0,0,1,0,1,0,0,3,0,0,0,0,0,0,0,2,4,5,0,0,1,1,0,0,0,0,0,0,0,1,0,8,9,0,2,0,0,0,0,0,0,0,0,0,0,0,0,0,0,0,0,0,0,0,0,0,0,0,0,0,0,0,0,0,0,0,0,0,0,0,0,0,0,0,0,0,0,0,0,0,0,0,0,0,1,0,0,0
4,0,3,0,0,2,3,3,2,11,1,7,15,29,7,0,0,1,0,4,0,0,0,0,0,2,4,0,0,8,1,1,2,0,0,0,2,0,5,1,1,0,4,0,0,0,5,0,0,0,4,0,0,3,1,0,1,3,0,0,4,6,10,17,2,5,1,1,3,2,2,3,26,3,3,0,14,9,0,0,1,2,0,0,1,2,0,29,27,9,3,0,0,3,0,0,0,0,0,0
0,0,1,0,0,2,1,0,1,1,0,0,0,0,4,1,1,1,0,0,0,4,6,7,7,5,0,0,0,0,0,1,1,3,4,5,6,1,1,1,5,5,0,1,0,1,15,6,6,3,5,2,1,4,2,9,2,6,8,4,0,1,0,0,0,0,0,1,0,0,0,19,16,3,3,5,1,22,8,24,16,1,0,0,0,0,0,0,0,0,0,0,0,0,0,0,2,20,3,0
0,0,0,0,0,0,0,0,0,0,0,0,0,0,0,0,0,0,0,0,0,0,0,0,0,0,0,0,2,2,1,0,0,0,0,0,0,2,4,1,0,3,0,1,2,5,4,3,1,0,0,2,4,2,2,3,3,1,2,2,1,6,2,7,2,2,0,0,1,1,1,2,1,3,0,0,1,2,2,1,2,1,0,1,2,3,2,1,2,0,0,1,4,3,0,0,0,1,0,0
0,0,0,0,0,0,0,0,0,0,0,0,0,0,0,0,0,0,0,0,0,0,0,0,0,1,0,0,0,0,0,0,0,0,0,1,4,0,0,2,0,2,2,0,0,0,0,1,0,0,0,0,0,0,0,0,0,0,0,0,0,0,0,0,0,0,0,0,0,0,0,0,0,0,0,0,0,0,0,0,0,0,0,0,0,0,0,0,0,0,0,0,0,0,0,0,1,16,0,0
11,0,0,19,9,6,1,14,2,0,0,0,0,1,0,0,0,0,5,4,1,0,2,0,0,1,4,5,9,1,0,0,2,0,0,0,0,0,0,0,3,0,0,3,6,0,10,12,0,2,0,0,0,0,0,0,2,4,4,0,8,15,10,20,14,0,2,3,6,11,10,10,1,18,3,0,0,0,0,2,0,1,2,5,5,17,1,3,2,1,3,0,1,9,9,2,7,6,0,0
0,0,0,0,0,0,0,0,0,0,0,0,0,0,0,0,0,0,0,0,0,0,0,0,0,0,0,0,0,1,0,0,0,0,0,0,0,8,13,8,3,5,2,0,1,1,1,1,1,8,9,0,4,1,0,1,0,2,2,0,0,0,0,0,0,0,0,0,0,1,1,5,3,10,10,1,1,1,9,19,0,0,0,3,3,4,6,4,0,0,0,0,2,4,6,20,0,0,0,0
1,0,2,0,1,0,2,2,1,1,3,2,0,2,1,0,0,0,0,0,0,0,0,0,0,0,0,0,0,1,0,0,0,0,2,0,0,4,0,1,0,1,0,0,0,15,11,3,4,10,18,10,17,17,0,0,0,2,2,2,0,2,2,14,1,1,9,10,9,9,1,4,12,12,10,2,17,0,0,0,0,0,0,0,5,14,35,4,0,15,0,1,1,1,0,9,1,0,0,0
4,2,1,0,0,0,2,0,0,3,3,1,0,1,0,0,0,0,0,0,0,1,0,0,0,0,0,1,0,1,1,0,0,0,0,0,0,1,0,0,0,0,0,0,0,0,4,0,2,3,2,0,0,0,0,4,0,0,0,0,0,0,0,0,1,0,1,0,0,0,0,0,0,0,0,0,1,0,0,0,0,0,1,1,0,0,0,0,0,0,0,0,0,0,0,0,0,0,0,0
0,0,0,3,1,1,1,1,0,0,3,1,0,5,1,0,0,2,0,0,1,0,0,0,0,3,9,4,5,1,0,0,1,0,3,1,1,1,4,2,2,0,0,0,0,1,3,2,0,3,2,0,7,6,1,0,0,16,23,29,0,1,5,0,0,4,1,0,0,1,1,0,0,0,1,0,10,0,1,3,0,2,3,6,1,2,0,3,11,0,4,10,17,9,0,0,0,10,5,0
2,1,1,2,1,3,3,1,0,0,1,1,1,0,0,0,0,0,0,0,0,6,2,0,0,0,0,0,0,1,0,0,3,6,1,2,2,0,0,1,0,0,1,0,0,0,0,1,1,1,0,1,0,0,0,1,2,1,2,2,3,1,7,0,0,2,0,0,0,0,1,0,2,0,0,0,0,0,0,0,0,0,0,0,0,0,0,0,0,0,0,0,0,0,0,0,0,0,0,0
0,0,3,7,0,3,12,4,0,2,6,6,4,0,1,0,0,0,0,0,0,0,0,0,1,0,0,0,0,0,1,0,1,0,0,0,0,1,2,1,1,0,0,0,0,1,4,2,0,1,4,0,0,0,0,0,0,0,0,0,0,0,0,0,0,0,0,4,10,0,0,0,0,0,0,0,0,0,0,0,0,0,0,0,0,0,0,0,1,0,0,0,0,0,0,0,0,0,0,0
0,0,0,0,0,0,0,0,0,1,0,6,4,6,7,1,0,1,5,3,2,0,1,0,0,0,0,0,4,5,1,1,1,1,5,0,0,0,0,9,39,22,0,0,11,2,0,0,1,1,0,0,2,0,2,1,0,0,0,0,0,0,0,0,0,2,1,2,3,4,2,5,2,3,0,0,0,0,0,0,8,2,0,0,14,0,7,12,0,0,2,2,1,0,15,0,0,0,5,5
0,0,1,0,0,0,0,0,0,0,0,0,0,1,0,1,0,0,0,0,0,0,0,0,0,0,0,0,1,0,0,0,0,0,1,0,0,0,0,0,0,0,0,0,0,0,0,0,0,0,0,1,0,0,0,0,2,0,0,2,2,2,1,2,10,4,0,0,0,0,0,0,0,0,0,0,1,0,0,0,2,0,0,0,0,0,0,0,4,5,5,2,0,0,0,13,1,11,4,0
1,1,1,0,0,0,7,1,0,0,0,3,5,5,19,19,15,26,8,0,0,1,0,0,0,0,0,0,0,2,13,3,0,0,0,1,1,0,1,0,1,11,2,0,0,0,1,0,0,0,0,0,0,0,0,0,0,0,0,3,13,6,6,1,3,3,1,1,2,1,1,0,0,0,0,0,0,0,0,0,0,1,0,0,1,1,0,0,0,3,0,0,0,0,0,0,0,0,2,0
0,0,1,0,0,0,0,0,1,0,0,0,0,0,0,0,0,0,0,0,0,12,12,6,0,1,1,0,1,0,0,1,0,2,0,0,0,2,2,0,0,1,2,0,0,0,4,0,0,0,0,2,1,0,0,0,0,1,0,0,0,0,6,11,9,6,2,0,0,0,1,0,0,0,0,0,0,1,1,1,6,0,1,1,0,0,1,2,4,5,0,0,3,1,10,1,0,1,0,2
0,0,0,0,0,0,0,0,0,0,1,0,0,0,0,0,0,1,0,0,0,0,0,0,0,0,0,0,0,0,1,1,0,0,0,1,1,0,0,0,0,2,12,11,0,0,9,7,3,6,3,1,4,3,0,1,2,7,6,2,10,5,0,0,0,0,0,0,0,0,2,8,6,0,0,0,0,0,0,0,0,2,0,0,0,0,0,0,0,0,0,0,0,0,1,0,0,0,0,0
1,0,0,0,0,0,0,0,0,0,1,1,0,1,1,9,0,0,0,0,0,33,22,3,2,9,0,0,13,8,2,2,0,2,33,23,1,1,13,3,0,0,6,0,0,0,0,0,0,0,0,0,0,0,0,0,1,0,1,1,1,4,1,4,8,0,2,1,0,0,0,0,0,0,0,0,0,0,0,0,1,0,0,0,0,0,0,0,0,0,0,0,0,0,0,1,0,0,0,0
0,2,4,18,31,8,1,0,0,5,6,1,3,16,2,0,0,0,0,0,0,0,0,0,0,0,0,0,2,1,0,3,7,0,0,2,0,1,1,0,14,4,9,0,1,2,0,1,0,0,0,1,6,0,17,15,17,8,0,2,1,1,2,0,2,3,1,1,1,1,0,0,4,0,0,0,0,0,1,13,0,5,17,5,18,0,17,1,0,0,0,0,0,10,23,10,2,0,0,0
1,2,1,0,0,0,1,0,0,0,0,0,0,0,0,0,0,0,0,0,0,0,0,0,1,0,0,0,0,0,0,4,5,4,5,1,1,2,0,2,2,0,0,0,0,0,0,0,0,0,0,0,1,0,0,0,0,5,1,0,0,1,5,1,0,0,0,0,0,0,0,0,0,1,0,0,1,0,0,0,0,0,0,0,0,0,0,0,0,0,0,0,0,0,0,0,0,0,0,0
0,0,2,0,1,0,1,0,1,0,0,0,0,0,2,0,1,0,3,1,3,0,0,2,0,1,1,0,0,0,0,0,0,0,0,0,0,0,0,0,0,0,0,0,0,0,0,0,0,0,0,0,0,0,0,7,4,0,1,0,1,0,0,1,0,0,0,0,0,12,4,1,0,0,0,0,0,0,0,0,0,0,0,0,0,0,1,0,0,0,1,1,2,0,1,0,2,0,0,0
1,0,0,0,1,0,0,0,0,1,0,0,0,0,0,1,0,0,0,3,0,0,2,0,0,1,1,1,1,2,3,1,6,0,2,3,3,0,0,0,1,0,0,0,0,2,0,7,7,0,1,0,0,0,1,0,0,0,0,0,1,2,1,1,1,0,0,0,0,1,1,0,0,0,0,10,35,23,13,6,0,0,0,0,0,1,1,0,0,0,2,0,2,7,4,2,11,12,5,3
0,0,0,1,1,1,0,0,0,0,1,0,1,0,0,0,0,0,1,1,0,0,1,4,1,0,2,0,0,0,0,2,0,0,0,0,0,0,0,0,0,0,0,0,0,0,0,1,2,0,0,0,0,0,0,0,0,0,0,0,0,0,0,1,1,1,2,0,1,0,0,1,0,0,7,27,12,10,8,1,0,0,0,0,0,0,0,0,1,0,0,0,1,0,0,0,0,0,0,0
1,0,0,1,1,1,1,0,1,0,1,0,1,0,0,0,0,0,1,0,0,0,0,0,0,0,1,0,1,0,0,0,0,0,9,15,10,0,0,0,0,1,0,3,3,1,1,2,1,0,0,0,0,0,0,0,0,0,0,0,0,0,0,1,0,0,0,0,4,7,2,2,1,0,2,1,1,0,0,0,2,0,2,0,0,1,6,4,0,0,0,2,3,1,0,0,0,0,0,0
0,0,0,0,0,0,0,0,0,0,0,2,0,0,0,0,1,0,1,0,0,1,0,0,0,0,1,1,1,0,0,1,0,0,0,0,0,0,0,0,0,0,0,0,0,0,0,0,0,0,0,0,0,0,0,0,0,0,0,0,0,0,0,0,0,0,0,0,0,0,0,0,0,13,6,9,0,0,1,2,4,0,0,0,0,0,0,1,1,0,1,0,1,0,0,0,0,0,0,1
0,0,0,0,1,0,0,2,4,0,2,0,0,0,0,0,0,0,0,0,0,0,0,0,1,0,0,0,0,0,0,0,0,0,0,0,0,0,0,0,0,0,0,0,0,0,0,0,0,0,0,0,0,0,0,0,0,0,0,0,0,1,0,0,0,0,0,1,8,5,2,4,2,0,0,3,0,1,0,0,0,0,0,0,0,0,0,1,0,0,1,0,0,0,1,0,0,0,0,0
0,0,0,0,0,0,0,0,0,0,0,0,0,0,0,0,0,0,0,11,6,0,0,0,0,1,0,0,0,0,1,0,0,0,0,1,0,0,1,0,0,15,11,0,0,0,0,0,0,1,9,0,0,0,0,0,1,0,1,0,0,0,9,5,3,1,0,4,1,11,30,10,1,0,0,1,0,0,0,0,0,0,0,0,0,0,0,0,1,0,0,0,0,0,0,0,0,6,0,0
0,3,6,2,1,0,1,3,1,0,1,0,1,1,0,1,0,0,0,0,20,19,1,0,0,0,0,0,0,0,0,0,0,0,0,12,11,2,2,2,0,0,0,0,0,0,0,0,0,0,0,0,0,0,0,0,1,1,1,0,12,13,8,0,0,0,0,0,0,0,0,0,0,0,0,0,0,0,0,0,0,1,1,0,1,1,0,0,2,0,0,1,1,1,0,0,1,0,2,0
0,0,0,1,1,3,0,1,10,3,1,15,3,2,0,0,1,2,3,0,1,1,1,3,13,6,19,33,0,0,2,1,0,0,8,0,2,7,0,2,0,0,0,5,0,0,0,0,0,0,0,1,0,1,7,0,0,0,0,0,0,39,0,3,19,12,1,0,0,0,1,0,4,0,1,4,27,2,0,1,0,0,1,0,1,1,0,3,1,3,9,0,0,0,0,0,0,1,0,1
0,0,0,2,0,0,0,1,0,0,3,1,1,0,1,0,1,0,0,0,0,0,0,0,0,0,0,0,0,0,0,0,0,0,0,0,0,0,0,0,0,0,0,0,0,0,0,0,0,0,0,0,0,3,4,1,0,0,0,0,0,0,0,0,0,0,0,0,0,1,0,0,0,0,0,0,1,0,0,0,0,0,2,0,0,0,0,0,0,0,0,1,1,1,0,0,0,0,0,0
0,0,0,0,0,0,0,0,0,0,0,0,0,0,0,0,0,0,0,0,1,0,0,0,0,7,0,0,0,0,0,0,0,0,0,0,4,1,0,0,0,0,0,0,1,0,0,0,1,3,0,2,0,0,0,0,0,0,0,1,0,0,0,0,0,0,0,0,0,1,0,0,0,0,0,0,0,0,0,0,0,0,2,8,0,0,0,0,0,0,0,4,9,1,1,4,1,0,0,0
0,1,0,1,1,0,0,0,0,0,0,0,0,10,10,18,0,0,4,0,1,1,0,0,0,0,2,0,0,1,1,2,0,0,0,0,0,1,0,1,1,0,0,1,0,1,2,1,0,0,0,0,0,0,0,1,11,0,0,0,0,0,5,12,1,0,1,0,0,0,0,7,5,4,1,1,0,0,0,1,0,0,0,0,0,0,1,1,1,1,0,0,0,1,1,13,38,3,5,3
0,1,0,1,0,0,0,0,0,0,0,0,0,0,0,0,0,0,0,0,0,0,0,0,0,0,0,0,0,0,0,0,0,0,1,1,0,0,0,0,0,0,0,0,0,0,2,0,0,0,6,1,0,0,0,0,0,0,0,0,0,2,0,0,0,5,0,0,0,0,0,0,9,27,17,0,0,0,0,0,0,0,0,5,5,2,0,0,1,4,0,0,1,1,0,0,0,0,0,0
1,1,0,1,11,0,1,1,0,0,0,0,0,19,0,0,0,0,0,0,0,0,0,0,2,1,42,25,0,0,2,0,14,0,2,2,0,0,0,0,0,1,0,0,0,0,0,0,0,0,0,0,0,2,1,3,1,1,0,2,20,4,0,1,1,17,8,3,6,0,4,1,5,9,8,4,0,3,5,4,2,13,4,2,0,0,0,1,0,0,0,0,0,0,0,0,0,0,0,0
0,0,0,0,0,0,0,0,0,0,0,0,0,0,0,0,0,0,0,0,0,0,0,2,5,4,7,5,7,2,9,6,0,0,0,0,0,0,0,0,0,0,0,0,0,0,0,0,0,0,0,0,1,1,0,0,0,0,0,0,1,0,0,0,0,0,1,0,1,1,0,0,1,0,0,1,1,1,0,0,1,1,0,0,0,0,0,0,0,0,0,0,0,0,0,0,0,0,0,0
1,0,0,0,0,0,0,0,0,0,0,0,0,12,4,2,1,0,0,0,6,13,1,0,0,1,1,0,0,4,0,0,0,0,0,3,4,0,1,1,6,10,8,2,2,0,4,7,4,0,1,3,0,10,0,0,7,13,4,2,1,0,0,0,0,0,0,0,7,5,8,4,0,0,0,0,0,0,0,0,0,14,0,0,0,0,0,0,0,0,0,0,0,0,0,3,0,0,0,0
0,1,0,0,0,1,0,0,0,0,0,1,0,0,1,0,0,0,0,11,0,0,22,12,0,0,0,8,1,3,11,8,5,3,0,5,0,0,0,0,0,0,0,4,1,2,3,3,18,8,13,19,0,0,0,0,1,0,1,0,0,3,11,0,6,2,1,0,0,20,19,8,16,1,3,2,2,2,0,1,2,5,1,33,33,32,7,6,5,10,30,8,6,0,3,2,0,0,0,0
0,0,0,0,0,0,1,1,0,0,0,0,0,0,0,0,3,0,0,0,0,0,0,0,0,0,0,0,0,0,0,0,0,0,0,0,0,0,0,0,0,0,0,0,0,0,0,0,0,0,0,21,10,0,0,0,0,0,0,0,0,0,0,0,0,0,0,0,0,0,0,0,0,0,0,0,0,0,0,0,0,0,0,0,0,0,0,0,0,0,0,0,0,0,0,0,7,1,0,0
0,13,4,0,1,0,0,3,0,0,0,3,0,0,0,0,1,0,1,0,0,0,2,0,1,0,1,0,0,0,0,1,1,0,1,0,0,1,2,1,0,2,2,0,0,0,1,2,1,0,0,0,0,0,0,0,0,0,0,0,0,0,14,0,0,0,0,0,0,0,0,0,5,1,1,0,0,0,0,0,2,1,1,1,0,3,0,0,0,0,0,1,0,1,0,0,1,1,0,0
1,0,0,0,0,0,0,0,0,0,0,0,0,0,0,0,0,0,0,0,0,1,0,0,0,0,0,0,0,0,4,8,2,0,0,0,0,0,0,2,0,0,0,1,0,0,1,1,1,0,1,1,0,0,0,1,1,0,0,2,0,0,0,3,1,1,2,2,0,1,0,1,0,1,0,0,0,0,6,1,2,1,0,0,0,7,9,17,4,7,6,6,4,6,3,7,6,1,0,8
0,0,0,0,0,0,0,0,0,0,0,0,0,0,0,0,0,0,0,0,0,0,0,0,0,0,0,0,0,0,2,1,0,0,0,1,17,0,1,0,0,8,0,10,12,4,2,2,0,5,5,2,2,1,0,11,7,3,12,2,1,1,0,15,15,15,6,2,2,1,3,1,1,0,2,0,2,3,20,4,1,1,1,0,3,0,2,0,0,0,6,0,0,3,3,9,7,1,2,0
2,3,0,3,2,0,0,4,0,4,4,6,7,6,6,1,0,3,2,2,5,21,3,0,0,7,0,0,1,2,1,14,9,2,0,0,0,0,1,2,1,0,0,17,13,0,0,1,13,12,4,0,0,6,0,0,0,1,0,9,7,5,1,3,6,3,4,0,10,6,11,2,0,0,0,0,0,0,0,0,0,2,4,8,4,0,1,0,0,5,6,5,3,1,0,0,2,7,14,2
0,0,0,0,0,0,0,0,0,0,1,0,0,0,0,0,0,0,0,0,0,1,1,1,0,0,0,0,0,0,0,0,0,0,0,0,0,0,0,0,0,0,0,0,0,0,1,0,0,0,0,0,0,0,0,0,0,0,0,0,0,0,0,0,0,0,0,0,0,0,0,0,0,0,0,0,0,0,0,0,0,0,0,0,0,0,0,0,0,2,3,2,0,0,0,0,0,0,0,0
0,0,1,0,0,0,0,0,0,1,0,0,1,1,0,0,0,1,0,1,0,0,1,1,1,1,2,2,2,4,1,0,0,14,1,0,7,24,15,4,14,2,12,8,1,0,0,0,1,1,0,0,0,1,17,0,3,0,0,0,0,3,5,2,4,0,0,24,6,2,2,0,0,0,0,0,0,0,0,2,1,1,0,0,0,0,0,0,0,4,6,19,8,0,1,0,1,0,0,0
4,1,1,0,0,0,3,1,1,0,0,0,0,0,0,0,0,1,0,0,0,0,0,0,0,0,0,0,0,0,0,0,0,0,0,0,0,0,0,0,0,0,0,0,0,0,0,0,0,2,0,0,0,0,0,1,0,1,0,0,0,0,0,1,1,0,0,0,4,7,2,3,1,0,1,0,0,0,0,0,1,0,1,0,0,0,0,0,0,9,6,3,8,4,0,0,0,0,0,0
2,6,2,0,2,6,0,4,1,3,2,4,2,3,2,1,3,2,9,2,3,2,4,2,0,2,3,0,0,0,1,0,2,10,23,7,5,4,6,5,6,9,7,5,4,3,4,1,14,26,0,19,10,13,3,25,6,3,3,1,9,0,12,9,0,5,3,28,11,6,6,7,4,26,6,7,1,2,1,14,7,2,2,3,6,4,0,1,29,22,5,7,3,2,2,2,0,0,0,0
0,0,0,0,0,0,0,0,0,0,0,0,0,0,0,0,0,0,0,0,0,0,0,0,0,0,0,0,0,0,0,0,0,0,0,0,0,0,0,0,0,0,0,0,0,0,0,0,0,0,0,0,0,0,0,0,0,0,0,0,0,0,0,0,0,0,0,0,1,0,0,0,0,0,1,0,0,0,0,0,0,0,0,0,0,0,0,0,0,0,0,0,0,0,0,0,0,2,14,17
0,0,0,0,0,0,0,0,0,0,0,0,0,0,0,0,0,0,0,0,0,0,0,0,0,0,0,0,0,0,0,0,0,0,0,0,0,0,0,0,0,0,0,0,0,0,0,0,0,0,0,0,1,0,0,0,0,0,0,0,0,0,0,0,0,0,0,0,0,0,0,0,0,0,0,0,0,0,0,0,0,0,0,0,0,0,0,0,0,0,0,0,0,0,0,0,0,1,0,0
0,0,0,0,0,0,0,0,0,0,0,0,0,0,0,0,0,0,0,0,0,0,0,0,0,0,0,0,0,0,0,0,0,0,8,20,12,0,0,0,0,0,0,0,0,0,0,0,0,1,13,12,7,0,0,1,0,1,1,1,10,5,0,0,0,0,0,2,1,1,0,0,1,0,0,0,2,1,1,16,16,1,1,2,0,0,1,0,1,0,0,0,19,4,0,0,0,0,0,0
1,0,0,0,0,0,0,0,0,0,0,0,0,0,0,1,4,1,0,0,0,0,0,0,0,0,0,0,0,0,0,0,0,0,0,1,4,0,0,0,0,3,0,2,3,1,0,0,0,0,1,19,13,11,11,12,4,0,2,0,0,0,0,0,0,0,0,0,0,0,0,0,0,0,0,0,0,0,1,0,0,0,0,0,0,0,0,0,0,0,0,0,0,0,0,0,0,0,0,0
0,0,0,0,0,3,0,1,0,0,1,1,1,0,2,0,0,0,0,0,0,0,0,0,0,0,1,0,0,16,16,0,1,0,0,0,0,0,0,0,0,0,0,0,3,9,24,4,3,5,2,20,10,0,0,0,7,0,0,0,0,0,0,0,3,14,5,7,9,0,2,3,0,1,2,0,13,8,8,0,0,0,0,0,0,0,0,0,0,0,0,14,7,5,3,6,0,0,2,1
0,0,0,0,4,1,1,5,8,2,7,20,26,7,0,0,0,0,0,0,0,0,0,0,0,0,0,0,0,0,0,0,0,0,0,0,0,0,7,19,3,2,2,0,0,0,9,9,13,0,0,0,0,0,0,1,2,2,0,9,2,4,17,17,0,0,0,0,0,0,4,6,11,9,1,1,0,1,2,0,6,7,20,3,0,0,0,0,0,0,0,0,0,0,3,0,1,26,12,4
0,0,1,6,10,3,1,4,0,0,0,1,0,0,0,0,0,0,0,0,0,1,0,0,1,6,0,2,6,0,1,1,0,1,1,0,2,0,2,2,1,1,0,4,4,0,0,0,0,7,5,3,1,1,6,3,0,0,0,0,5,4,0,0,0,0,0,0,0,0,0,2,0,1,0,0,1,2,1,0,1,4,1,2,1,4,0,4,0,0,0,0,0,1,6,14,0,0,1,1
0,0,3,20,2,1,2,0,0,0,0,0,2,0,0,0,0,1,5,5,0,0,0,1,2,0,1,0,1,0,1,1,0,0,0,0,0,0,0,0,0,0,0,2,9,1,1,0,0,0,1,0,0,5,0,0,0,0,0,0,0,0,0,0,1,0,2,1,1,0,0,0,3,4,0,2,0,2,1,0,0,5,12,0,1,3,6,4,0,0,1,0,2,12,2,0,2,6,0,0
0,0,0,0,0,2,2,1,0,0,7,0,3,6,0,0,1,2,0,7,6,2,4,1,0,0,2,0,0,2,0,7,20,1,0,0,0,8,7,0,0,0,0,2,6,1,1,1,5,4,0,0,0,0,0,0,0,1,0,1,0,0,2,0,0,4,1,3,11,1,1,2,1,0,0,0,0,0,0,0,0,0,0,0,0,0,0,2,8,2,0,0,8,2,15,10,7,1,3,15
0,4,1,0,5,2,3,1,2,2,0,0,1,0,0,0,0,0,0,0,6,10,1,0,1,0,1,4,2,0,0,5,12,3,0,1,0,1,0,0,0,0,0,0,0,0,0,0,0,18,16,0,1,18,0,0,1,0,4,9,1,2,0,4,5,1,1,1,2,2,2,5,0,1,1,1,0,1,1,2,0,0,0,0,0,0,0,0,0,0,0,0,0,0,0,0,0,0,0,0
1,1,0,0,1,0,0,0,0,0,0,0,0,0,0,0,0,0,0,1,1,0,0,0,1,0,0,0,1,0,0,0,0,0,0,0,0,0,0,4,9,15,3,1,5,3,1,0,0,0,6,0,0,0,0,0,0,0,0,0,0,1,0,1,3,1,0,1,2,3,0,1,2,3,0,4,0,0,0,5,0,0,5,0,0,0,0,0,1,0,0,1,0,2,0,0,0,0,0,0
0,1,0,0,0,0,0,0,0,0,0,0,0,0,0,1,1,0,0,0,0,1,0,0,0,1,0,6,11,4,1,0,0,1,0,0,0,0,1,0,0,0,0,0,0,0,0,0,0,0,1,0,0,0,0,0,0,0,0,0,0,0,0,0,0,0,0,0,0,0,0,0,0,0,0,0,0,0,0,1,0,0,0,0,0,0,0,0,0,0,0,0,0,0,0,0,0,0,0,0
0,0,1,0,0,1,0,0,0,0,0,7,16,3,0,0,0,0,0,0,0,0,0,0,5,0,0,0,0,0,0,0,0,0,1,2,11,20,25,14,1,2,0,0,3,2,3,2,4,3,0,1,0,0,4,0,2,4,9,1,0,10,12,3,3,0,2,6,3,1,3,1,4,0,1,8,0,0,0,1,0,3,3,0,1,0,0,1,2,2,2,3,0,2,0,1,0,3,7,16
0,1,1,4,5,7,11,2,0,2,0,0,1,1,0,1,0,0,1,0,1,4,0,0,0,0,0,0,0,7,19,9,5,0,3,0,0,1,4,12,23,23,1,1,1,1,0,1,0,0,0,0,3,1,2,2,8,3,3,20,3,0,0,0,3,1,2,0,0,0,0,2,5,0,0,0,0,0,0,0,1,5,0,1,2,3,0,1,0,0,0,0,0,0,0,0,0,0,2,2
7,14,15,12,3,0,0,0,0,0,0,0,0,0,0,0,0,0,0,0,0,0,0,2,0,0,0,0,0,0,0,0,0,0,0,0,0,0,0,0,0,0,0,0,0,0,0,0,0,0,0,0,0,0,0,0,0,0,0,0,0,0,0,0,0,2,0,0,1,1,5,0,1,2,5,0,1,1,0,1,0,1,0,0,0,0,0,0,0,0,1,1,0,1,0,0,0,0,0,0
0,0,0,0,0,0,0,0,1,0,0,0,0,0,0,0,0,0,0,0,0,0,0,0,0,0,0,0,0,0,0,0,0,0,0,0,0,0,0,0,0,0,0,0,0,0,0,0,0,0,0,0,0,0,0,0,0,0,0,0,0,7,8,5,10,0,3,4,1,0,0,0,0,2,1,0,0,0,0,0,0,0,1,0,0,0,0,0,0,0,0,1,0,0,0,0,0,0,0,0
1,0,0,0,0,0,0,0,0,0,0,0,0,0,0,0,0,0,0,0,5,4,6,2,0,2,4,0,0,11,3,2,1,1,0,0,3,0,0,0,1,1,0,0,0,1,0,1,1,1,1,3,2,0,0,0,0,0,0,5,0,11,9,3,0,1,0,0,0,0,2,4,2,4,0,1,0,1,0,2,1,1,2,0,0,0,1,0,1,0,0,2,2,3,12,1,0,0,0,0
0,0,0,0,0,0,0,0,0,0,0,0,0,0,0,0,0,0,1,1,0,0,0,0,0,0,1,0,0,0,0,0,0,0,0,0,0,0,0,0,0,0,0,0,0,0,0,0,0,0,0,0,0,0,0,0,0,0,0,0,0,0,0,0,0,0,0,0,0,0,0,0,0,0,0,0,0,0,0,0,5,2,6,4,5,2,5,4,5,6,5,6,6,4,4,4,8,6,5,6
0,0,0,0,0,0,0,0,0,1,0,2,3,0,0,0,1,1,2,0,2,11,18,10,1,1,0,2,0,0,1,0,0,1,0,0,0,1,1,1,0,2,6,24,16,11,13,0,4,8,11,2,2,2,2,11,9,13,13,24,28,2,9,0,0,0,1,3,30,1,24,0,1,8,16,16,7,0,0,2,8,22,3,7,0,2,7,1,4,1,8,1,18,0,1,7,5,0,3,3
0,0,0,0,0,1,0,0,2,1,0,1,0,0,0,0,0,0,9,0,0,0,0,0,0,0,1,0,2,0,0,1,2,2,3,2,0,0,0,0,0,1,0,4,10,7,0,0,0,1,0,0,0,0,0,0,0,0,1,0,0,0,0,0,0,0,0,0,0,0,0,0,0,2,2,0,0,0,1,0,0,0,0,0,1,0,0,0,1,2,0,0,0,0,0,1,0,1,0,0
0,0,1,0,0,0,0,0,0,0,0,0,0,0,0,0,0,0,0,0,0,0,0,0,0,0,0,0,0,0,0,0,0,0,0,0,0,0,0,0,0,0,0,0,0,0,0,0,0,0,0,0,1,0,0,0,0,0,0,1,0,1,1,0,0,0,2,1,0,0,0,0,0,0,0,1,1,0,0,0,0,0,0,1,1,1,0,0,0,0,1,1,0,0,1,0,0,1,0,0
0,0,0,0,0,0,1,0,0,0,0,0,0,0,0,0,0,0,1,0,0,0,0,0,0,0,0,0,0,0,1,0,0,0,0,0,0,2,0,0,0,0,1,0,0,1,2,2,0,0,0,0,1,2,0,0,1,0,1,2,9,25,13,0,0,0,1,0,0,2,2,1,0,0,2,38,16,0,0,0,0,1,1,0,0,0,0,2,0,1,0,1,0,0,0,0,0,0,0,0
0,0,0,1,0,0,0,0,1,0,0,1,0,0,0,0,0,0,0,0,0,1,0,0,0,1,0,0,0,0,0,0,0,0,0,0,1,0,0,0,0,1,0,0,0,0,0,0,1,0,0,0,0,0,0,0,0,0,0,0,0,0,0,0,0,0,0,0,1,0,0,0,0,0,1,0,0,1,0,0,0,0,0,0,0,0,0,0,1,0,0,0,0,0,0,0,0,0,0,0
0,0,0,0,0,0,0,0,0,0,0,0,0,0,0,0,0,0,0,0,0,0,0,0,0,0,0,0,0,0,0,0,0,0,0,0,0,0,0,0,0,0,0,0,0,0,0,0,0,0,0,0,0,0,0,0,0,0,0,0,0,0,0,0,0,0,0,0,0,0,0,0,0,0,0,0,0,0,0,0,0,0,0,0,0,0,0,0,0,0,0,0,0,0,0,0,0,0,0,0
0,0,0,0,0,0,0,0,0,0,0,8,1,3,13,2,12,6,0,0,0,0,0,0,0,0,0,0,0,0,0,0,0,0,1,0,1,0,0,0,0,0,0,0,2,0,0,0,0,0,0,0,0,0,0,0,0,0,0,0,0,0,0,0,0,1,0,0,0,0,0,0,1,2,2,0,0,0,3,1,0,1,0,0,1,0,0,1,1,1,0,0,0,0,0,0,0,1,1,0
0,0,0,0,0,0,0,0,0,0,0,0,0,0,0,0,0,0,0,9,8,0,0,2,2,8,0,0,0,1,1,4,0,0,5,0,0,0,0,0,0,0,0,0,0,0,0,0,0,0,0,0,0,0,0,0,0,0,0,0,0,0,0,0,0,0,0,0,0,0,0,0,0,0,1,0,0,0,0,0,0,0,0,0,1,0,0,0,0,0,0,0,0,0,0,0,0,1,0,0
0,0,0,0,0,0,0,0,0,0,0,0,0,0,0,0,0,0,0,0,0,0,0,0,0,0,0,0,1,0,0,0,0,0,0,0,0,0,0,0,1,0,0,0,0,0,0,0,0,0,0,0,0,0,0,0,0,0,0,0,0,2,2,2,0,2,1,0,2,1,0,0,1,2,1,0,1,0,0,0,0,0,0,0,0,0,0,0,0,0,2,0,0,0,0,0,0,0,0,0
0,0,0,0,0,1,0,0,0,0,0,0,2,0,0,0,1,1,3,0,0,0,0,0,0,0,0,0,0,0,0,1,0,0,0,0,0,0,0,0,0,1,0,0,0,0,0,0,0,0,0,0,0,0,0,0,0,0,0,0,0,0,0,0,0,0,2,3,0,0,0,0,0,0,0,0,0,0,0,0,0,0,0,0,0,0,0,0,1,0,0,0,0,0,0,0,0,0,0,0
0,0,0,0,0,0,0,0,0,0,0,0,0,0,0,0,0,0,0,0,0,0,0,0,0,0,0,0,0,1,0,0,0,0,0,0,0,0,0,0,0,0,0,0,0,0,0,0,0,0,0,0,0,1,0,0,0,0,0,0,0,0,0,0,1,0,0,0,0,0,0,0,0,0,0,0,1,0,0,0,0,0,0,0,0,0,0,0,0,0,0,0,0,0,0,7,1,0,0,0
0,0,0,0,0,0,0,0,0,0,0,2,1,2,12,13,8,0,0,0,0,0,0,1,0,0,0,0,0,3,0,0,0,0,0,0,0,0,0,0,0,2,0,2,0,5,17,12,7,5,7,0,0,0,0,1,1,1,0,1,1,1,0,0,0,1,0,3,4,3,4,7,3,0,0,0,1,0,2,0,0,0,0,0,0,0,0,0,0,0,0,0,0,0,1,0,2,1,0,0
0,0,0,0,0,0,0,1,0,1,7,1,1,0,1,1,0,1,8,0,0,3,0,0,0,0,10,2,0,0,0,0,0,0,0,0,0,1,0,0,0,0,0,8,10,0,0,0,0,0,0,0,0,0,0,0,0,12,14,8,2,1,1,1,0,0,0,0,0,0,0,0,0,3,14,0,0,10,24,11,0,2,2,0,0,0,0,0,0,0,11,0,1,0,1,0,0,0,0,0
0,0,0,0,0,0,0,1,0,2,3,12,6,0,0,0,0,0,1,0,0,0,0,0,1,0,0,0,0,0,0,0,0,0,0,0,0,0,0,0,0,0,0,0,1,0,0,0,0,0,0,0,0,0,0,0,0,1,0,0,0,0,2,1,0,0,0,0,0,0,0,0,0,0,1,0,0,0,0,0,0,0,0,0,0,0,0,0,0,0,0,0,0,0,0,0,0,0,0,0
0,0,0,0,0,0,0,0,7,3,0,0,0,0,1,1,1,0,0,0,0,0,0,0,0,0,0,1,1,0,0,0,0,0,0,0,0,0,0,0,0,0,1,0,1,1,0,13,0,0,1,0,0,0,1,0,0,0,0,1,5,5,0,0,0,0,3,1,0,0,11,1,2,1,0,0,0,0,1,0,0,1,0,0,0,0,2,1,0,0,1,1,1,1,2,0,0,13,12,1
0,0,0,0,0,1,0,0,0,0,0,0,0,5,11,0,0,0,0,3,1,1,0,1,9,0,0,0,0,0,0,0,0,0,0,0,0,0,0,14,7,0,0,4,5,4,0,0,0,6,6,0,1,0,0,0,1,0,1,1,0,0,0,0,0,0,0,0,0,0,0,0,0,0,0,0,0,0,0,0,0,0,0,1,0,0,0,0,0,0,0,0,0,0,0,0,0,0,0,15
0,0,0,0,0,0,0,0,0,0,0,0,0,0,0,0,0,0,0,0,1,0,0,0,0,0,0,0,5,13,6,2,2,0,0,0,0,0,0,0,0,0,0,1,0,0,0,0,1,0,0,0,0,0,0,0,1,0,0,0,0,1,7,0,0,0,0,0,4,2,1,0,0,0,0,0,0,0,0,0,0,0,0,0,0,0,0,0,0,0,0,0,8,0,0,0,0,0,0,0
0,0,0,0,0,0,0,0,0,0,0,0,0,0,1,0,0,0,0,0,0,0,0,0,0,0,0,6,3,6,4,2,0,0,3,1,0,0,0,0,0,0,0,0,0,0,0,0,0,0,0,0,0,0,0,0,0,0,1,0,0,1,0,0,2,13,16,2,0,0,0,2,4,8,6,0,0,0,0,0,0,0,0,0,0,0,0,0,0,1,0,0,0,0,0,0,0,0,0,0
0,0,0,0,0,1,0,0,0,0,0,0,0,0,0,0,0,0,0,0,0,0,0,0,0,0,0,0,0,0,0,0,1,1,0,0,0,0,1,0,1,0,2,0,0,0,1,0,1,0,1,1,1,1,0,1,1,0,1,0,0,0,5,1,0,0,3,3,11,0,4,0,2,0,12,17,0,0,0,0,0,0,0,0,0,0,0,0,0,4,0,0,0,0,0,0,0,0,0,0
0,0,0,0,0,0,0,0,0,0,0,0,0,0,0,0,0,0,0,0,0,0,0,0,0,0,0,0,0,0,1,0,6,6,8,12,1,0,0,0,0,0,0,0,0,0,0,0,0,0,0,0,0,0,0,0,0,0,0,0,0,0,0,0,0,0,0,0,0,0,0,0,0,0,0,0,0,0,0,0,0,0,0,0,0,0,0,0,0,0,0,1,0,0,0,2,1,0,0,0
0,0,0,0,0,0,0,0,0,0,0,0,0,0,0,0,0,0,0,0,0,0,0,0,0,0,0,0,0,0,0,0,0,0,0,0,0,0,0,2,0,1,0,1,0,1,0,0,4,0,0,0,1,1,0,0,0,0,0,0,0,0,0,1,1,4,2,0,1,5,1,0,2,16,2,1,2,0,0,0,0,0,0,0,0,0,0,0,0,0,0,0,0,0,0,0,0,0,0,0
1,0,0,0,0,0,0,0,0,0,0,0,0,1,0,0,0,0,0,0,0,0,0,0,0,7,2,1,0,0,0,0,0,0,0,0,0,0,0,0,0,0,0,0,0,0,0,0,0,0,0,0,0,0,0,1,0,0,0,0,0,0,0,0,0,0,0,0,0,0,0,0,0,1,0,0,0,0,0,0,0,0,0,0,0,0,0,0,0,0,0,0,0,0,0,0,0,0,4,6
1,0,0,4,4,3,0,0,0,0,0,0,0,0,0,0,0,5,2,0,0,0,0,0,0,0,0,0,0,0,0,1,11,3,0,1,2,0,0,0,0,0,0,0,4,1,10,0,2,2,0,5,0,0,2,0,0,2,1,0,4,5,0,1,1,0,1,4,4,2,0,0,4,3,2,8,1,0,0,1,10,15,7,0,0,0,0,0,0,0,3,8,1,1,5,0,0,0,0,0
1,0,1,0,1,3,7,24,24,0,4,1,4,0,8,18,3,3,8,9,3,0,0,0,0,0,0,0,0,0,1,0,0,12,1,11,10,0,0,0,0,1,0,0,0,1,1,0,1,0,0,0,0,4,5,0,0,0,0,0,0,0,0,0,0,0,0,0,0,0,0,0,1,0,0,0,8,29,0,0,1,1,1,0,0,0,0,0,0,0,0,0,0,0,0,0,0,0,0,0
2,2,1,0,0,0,0,0,0,0,0,0,0,0,0,0,0,0,0,1,1,0,5,2,3,1,0,0,0,0,0,0,0,0,0,0,0,0,0,0,0,0,0,0,1,0,0,1,0,0,0,0,0,0,0,0,0,0,0,0,0,0,0,0,0,1,0,0,0,0,0,0,0,0,0,0,0,1,0,1,0,0,0,0,1,0,0,0,0,0,0,0,1,0,0,0,2,6,0,0
0,0,0,0,0,0,0,0,0,0,0,0,1,0,0,0,0,1,12,0,0,0,0,0,0,0,0,0,0,0,0,0,0,0,0,0,0,0,1,0,0,1,0,0,0,0,0,0,0,0,42,12,0,0,0,0,1,1,0,0,1,0,0,0,1,0,0,0,0,0,0,0,2,2,0,0,0,0,13,5,2,0,0,0,1,0,1,1,0,0,0,0,0,0,0,0,0,0,0,1
0,0,0,0,0,0,0,0,0,0,0,0,1,0,0,0,0,0,0,0,0,0,0,0,0,0,0,0,0,0,1,0,0,0,0,0,0,0,0,0,0,0,0,0,0,0,0,0,0,0,0,0,0,10,0,0,0,2,0,0,6,0,1,0,0,2,0,8,3,2,0,0,27,5,2,3,24,10,0,0,0,0,0,0,0,1,1,0,0,0,0,0,0,1,0,0,0,0,0,0
0,0,3,2,0,0,0,0,0,0,0,0,0,0,0,0,0,0,0,0,0,0,0,0,0,0,0,0,0,0,0,0,0,0,0,0,0,0,0,0,0,0,0,0,0,0,0,0,1,0,0,0,0,0,0,0,0,0,0,0,0,0,0,0,0,0,0,0,0,0,0,1,0,0,0,0,0,0,0,0,0,0,1,0,0,0,0,0,1,0,1,1,0,0,0,0,0,0,0,0
2,4,0,1,0,0,1,0,1,0,0,0,1,0,0,0,0,1,0,0,0,0,0,2,2,0,0,0,0,0,0,0,0,2,0,0,0,1,0,0,0,0,2,0,0,0,0,0,0,0,0,0,0,13,6,0,0,0,0,0,0,0,0,0,0,0,0,0,12,21,0,0,0,0,0,0,4,19,1,0,0,0,0,0,0,0,0,0,0,0,1,0,0,0,0,0,0,0,0,0
0,0,0,0,0,0,0,0,0,0,0,0,0,0,0,0,0,0,0,0,0,0,0,0,0,0,0,0,0,0,0,0,0,0,0,0,0,0,0,0,0,0,0,0,0,0,0,0,0,0,0,1,1,0,0,0,1,0,0,0,0,0,0,0,0,0,0,1,0,0,0,0,10,1,0,0,0,0,0,0,0,0,0,0,0,0,0,0,0,0,0,0,0,0,0,0,0,0,0,0
0,0,0,0,0,0,0,2,1,0,0,0,2,10,0,0,2,0,0,0,0,0,0,0,2,3,0,0,0,0,2,5,0,2,0,0,0,0,0,0,0,0,0,0,0,0,0,0,0,0,0,0,0,1,0,0,0,0,0,1,0,2,1,2,2,2,0,0,0,1,0,1,0,0,0,0,0,0,0,0,0,0,0,0,0,0,0,0,0,0,0,0,1,1,0,0,1,0,0,0
0,1,0,0,0,0,0,0,0,0,0,0,0,0,0,0,0,0,0,0,0,0,0,0,0,0,0,0,0,0,0,2,1,0,0,0,0,0,0,0,0,0,0,0,0,0,0,0,0,2,13,2,0,0,3,3,2,0,0,0,0,0,0,0,0,0,0,1,0,0,0,0,0,0,0,1,1,1,0,2,0,4,2,0,0,0,0,0,0,0,0,0,0,0,0,0,0,0,0,0
0,0,0,0,0,0,0,0,0,0,0,0,0,0,0,0,0,0,0,0,0,0,0,0,0,0,0,0,0,0,0,0,0,0,0,0,0,0,0,0,0,0,0,0,0,0,0,0,0,0,0,0,0,0,1,0,0,0,0,0,0,0,0,0,0,0,0,0,0,0,0,0,0,0,0,0,0,0,0,0,0,0,0,0,0,1,0,0,0,0,1,1,0,1,4,0,2,0,0,0
0,0,0,0,0,0,0,0,0,0,0,0,0,0,0,0,0,0,0,0,0,0,0,0,0,0,0,0,0,0,0,0,0,0,0,0,0,0,0,0,0,0,0,0,0,0,0,0,0,0,0,0,0,0,1,0,0,0,0,0,0,0,0,0,0,0,0,0,0,0,0,0,1,0,0,0,0,0,0,0,0,0,0,0,0,0,0,0,0,0,0,0,0,0,0,0,0,0,0,0
0,0,0,0,0,0,0,0,0,0,0,0,0,0,0,0,0,0,1,0,0,0,0,0,0,0,0,0,0,0,0,0,0,0,1,0,0,0,0,0,0,0,0,0,3,15,11,0,0,3,10,3,0,3,0,0,0,0,0,0,0,0,0,0,0,0,0,0,0,0,0,0,0,0,0,0,0,0,0,0,0,0,0,0,0,0,0,0,0,0,1,0,0,2,0,0,0,0,0,0
0,0,0,0,0,0,0,0,0,0,0,0,0,0,0,0,0,0,0,2,0,0,1,1,0,0,0,0,0,12,1,0,0,0,0,0,0,0,0,0,1,0,23,1,2,0,0,0,2,0,0,1,2,0,0,0,0,0,0,0,0,0,0,0,0,0,0,0,0,0,0,0,1,0,0,0,0,0,0,1,0,0,0,0,0,2,0,0,0,1,0,1,0,0,0,0,0,0,0,0
0,0,0,0,0,4,0,0,0,1,0,0,0,0,0,0,0,1,0,0,0,0,0,0,0,0,1,1,0,0,0,0,0,0,0,0,0,0,0,0,1,0,0,0,1,0,0,0,0,0,0,0,0,1,0,0,0,0,0,0,0,7,0,0,0,2,5,0,1,0,1,0,0,0,0,0,0,0,0,0,0,0,0,0,1,0,0,0,0,0,1,0,0,0,0,0,0,0,0,0
0,0,0,0,0,0,0,0,0,0,0,0,0,0,0,0,0,0,0,0,0,0,0,0,0,0,0,0,0,0,0,0,0,0,0,0,0,0,0,0,0,8,19,10,2,0,0,0,0,0,0,0,0,0,1,0,0,0,0,0,0,0,0,0,0,0,0,0,0,0,0,0,0,0,0,0,0,0,0,0,0,0,0,0,0,0,0,0,0,0,0,0,0,0,0,0,0,0,0,0
0,0,0,0,0,0,0,0,0,0,0,0,0,0,1,0,0,0,0,0,0,0,0,0,8,19,9,6,0,0,0,0,0,0,0,0,0,0,11,12,5,6,0,0,0,0,0,0,1,3,4,0,0,0,0,0,0,0,1,5,2,0,1,2,3,0,3,1,5,2,0,0,0,0,0,0,0,0,0,0,0,0,0,0,0,0,0,0,0,0,0,0,0,0,0,0,0,1,0,0
0,1,0,0,0,0,0,0,0,0,0,0,0,0,0,0,0,2,0,0,0,0,0,0,0,0,0,0,0,0,0,0,0,0,0,0,0,0,0,0,0,0,0,0,0,0,0,0,0,0,0,0,0,0,0,0,0,0,0,0,0,0,0,0,0,0,0,0,0,0,0,0,0,0,1,0,0,0,0,0,0,0,0,0,0,0,0,0,0,0,0,0,0,0,0,0,0,0,0,0
0,0,0,0,1,0,1,0,0,0,0,0,0,0,0,0,0,0,0,0,8,0,0,1,9,6,0,0,0,0,0,0,1,0,0,0,0,0,0,0,0,0,0,0,0,0,0,0,0,4,1,1,6,1,0,1,0,0,2,3,0,0,1,0,0,0,0,0,0,0,0,0,0,0,2,0,0,0,0,0,0,2,0,0,0,0,0,0,0,1,0,0,0,0,0,0,1,1,1,0
0,0,0,0,0,0,0,0,0,0,0,0,0,0,0,0,0,0,0,0,0,0,0,0,0,0,0,0,0,0,0,0,0,0,0,0,0,0,0,0,0,0,0,0,0,0,0,0,0,0,0,0,0,0,0,0,0,0,0,0,0,0,0,0,0,0,0,0,0,0,0,0,0,0,0,0,0,0,0,0,0,0,0,2,5,0,0,0,0,0,0,0,0,0,0,0,7,1,0,0
1,1,2,2,0,0,0,0,0,0,0,0,0,1,0,0,0,0,0,0,0,0,0,0,1,0,0,0,0,1,1,0,0,0,0,0,0,0,0,0,0,0,0,0,0,0,0,0,0,0,0,0,0,0,0,0,0,0,0,0,0,0,0,0,0,0,0,0,0,0,0,0,0,0,0,0,0,0,0,0,0,0,0,0,0,0,0,0,0,0,0,0,0,0,0,0,0,0,0,0
0,0,0,0,0,0,0,0,0,0,0,0,0,0,0,0,0,0,1,0,0,0,0,0,0,0,0,0,0,0,0,0,0,0,0,0,0,1,0,0,0,0,0,0,0,0,0,0,0,0,0,0,0,0,0,0,0,0,0,0,0,0,0,0,0,0,0,0,0,0,0,0,0,0,0,0,3,1,0,0,0,0,0,0,0,0,0,0,0,0,0,0,0,0,0,0,0,0,0,0
0,0,0,0,1,0,0,0,1,0,0,0,0,0,0,3,0,0,0,0,4,5,2,2,1,0,0,0,0,1,0,0,0,0,0,0,0,0,0,1,0,0,0,0,0,0,0,0,0,0,0,0,0,0,2,4,0,0,0,1,3,3,4,0,2,0,0,0,1,0,0,0,0,4,3,1,1,1,0,0,0,0,1,0,0,0,0,0,0,0,0,0,0,0,0,0,0,0,0,0
1,0,3,2,0,1,1,0,21,5,0,10,20,1,0,0,0,0,0,0,1,1,1,0,1,2,1,0,0,1,2,2,0,2,0,1,1,0,0,1,0,0,2,8,5,0,0,0,0,0,0,0,0,1,0,0,0,1,1,0,0,0,2,0,0,0,1,0,0,0,0,1,0,1,0,1,0,0,0,0,0,0,0,0,1,0,1,1,0,2,0,0,1,1,0,0,1,1,0,0
0,0,0,1,0,0,1,0,0,0,0,2,1,0,1,0,0,0,0,0,1,0,0,0,0,1,0,1,0,0,0,0,0,0,0,1,0,0,3,0,1,2,5,4,0,1,0,1,2,28,18,17,24,24,34,10,19,0,0,0,0,0,0,0,0,10,26,1,0,0,0,0,0,0,0,0,0,0,0,0,0,0,0,0,0,0,0,0,0,0,0,0,0,0,0,0,0,0,0,0
0,0,0,0,0,0,0,0,0,0,0,0,0,0,0,0,0,0,0,0,0,0,0,0,0,0,0,0,0,0,0,0,0,0,0,0,0,0,0,0,1,0,0,0,0,0,0,0,0,0,0,0,0,0,0,0,0,0,0,0,0,0,0,0,0,0,0,0,0,1,0,0,0,1,0,0,0,0,0,0,0,0,0,0,0,0,0,0,0,0,0,0,0,0,0,0,0,0,0,0
0,0,0,0,0,0,0,0,0,0,0,0,0,0,0,0,0,0,0,0,0,0,0,0,0,0,0,0,0,1,0,0,0,0,0,0,0,0,0,0,0,0,0,0,1,0,1,1,0,1,0,4,3,10,1,2,0,0,1,0,0,1,0,0,0,10,16,0,2,6,2,13,10,0,0,9,0,0,0,0,0,0,0,0,0,0,0,0,0,0,0,0,10,12,0,0,2,0,1,1
0,0,1,0,0,0,0,0,0,0,0,4,2,2,0,6,2,0,0,0,0,0,0,0,0,0,0,0,0,0,0,0,0,0,0,0,0,0,0,0,0,0,0,0,0,0,0,0,0,1,0,0,0,0,0,0,0,6,11,9,0,0,0,0,1,1,0,0,0,0,0,0,0,0,0,0,0,0,1,0,2,1,0,0,0,1,0,0,2,0,1,1,0,0,0,0,0,0,0,1
0,1,0,0,0,0,0,0,0,1,0,0,1,0,1,0,0,4,0,0,2,0,0,0,0,0,8,2,0,0,0,0,0,0,2,1,0,0,1,0,0,3,2,2,3,1,1,10,9,2,3,0,0,0,0,4,1,0,0,0,0,0,0,0,0,1,3,6,0,0,37,8,0,0,0,0,0,0,0,0,0,0,0,0,0,0,6,1,0,0,0,0,28,4,0,10,8,12,6,0
0,0,0,0,0,0,0,0,0,0,0,0,0,0,0,0,0,0,0,0,0,0,0,0,0,0,0,0,0,0,0,0,0,0,0,0,0,0,0,0,0,0,0,0,0,0,0,0,0,0,0,0,0,0,0,0,0,0,0,0,0,0,0,0,0,0,0,0,0,0,0,0,0,0,0,0,0,0,0,0,0,0,0,0,0,0,0,0,0,0,0,1,0,0,0,0,0,0,0,1
0,0,0,0,0,0,0,0,0,0,0,1,0,1,0,0,0,0,0,0,0,0,0,0,0,0,0,0,0,0,0,0,1,0,0,0,0,0,0,0,0,0,0,0,0,0,0,0,1,1,0,0,0,0,0,0,0,0,0,0,0,0,0,0,0,0,0,0,0,0,0,0,0,0,0,0,0,0,0,0,0,0,0,0,0,0,0,0,0,0,0,0,0,0,0,0,0,0,0,2
1,0,0,0,0,0,0,0,0,0,0,0,0,0,0,0,0,1,0,1,3,3,0,0,0,0,0,0,0,1,0,0,0,0,0,0,0,5,0,0,0,3,3,1,0,0,1,3,0,0,1,0,0,0,1,0,0,5,0,2,0,0,1,0,0,0,1,1,0,1,0,0,0,0,0,0,0,0,0,0,0,0,0,0,0,1,1,0,0,0,1,0,0,0,0,1,1,0,0,0
0,0,0,0,0,0,0,0,1,0,0,0,1,0,0,0,0,0,0,0,0,0,0,0,0,0,0,0,0,1,0,0,1,0,0,0,0,0,0,0,0,0,0,0,0,0,1,0,0,0,0,0,0,0,0,0,0,0,0,0,0,0,0,0,0,0,0,1,1,7,0,0,0,0,0,0,0,0,0,0,1,0,0,0,0,0,0,0,1,0,0,0,0,0,0,0,0,1,0,0
0,0,0,0,0,0,0,0,0,0,3,0,0,0,0,0,0,0,0,0,0,0,0,0,2,0,1,5,4,0,0,0,1,0,0,3,0,0,3,0,0,2,0,3,0,0,0,2,0,4,4,0,0,0,0,0,0,1,0,0,0,0,18,9,0,0,0,3,2,0,5,0,0,0,1,0,1,0,0,0,0,0,0,0,0,0,0,0,0,1,0,0,0,0,1,0,0,2,8,5
1,0,0,0,0,0,0,0,0,0,0,0,0,0,0,0,0,0,0,0,0,0,0,0,0,0,0,0,0,0,0,0,0,0,0,0,0,0,0,0,0,0,0,0,0,0,0,0,0,0,0,0,0,0,0,0,0,1,0,0,0,0,0,0,0,0,0,0,0,0,0,0,0,0,0,0,0,0,0,0,0,0,0,0,0,0,0,0,0,0,0,0,0,0,0,0,0,0,0,0
0,0,1,0,0,0,0,1,0,0,0,0,0,0,0,0,0,0,0,0,0,0,0,0,0,1,0,1,0,0,0,0,0,0,0,0,0,0,0,0,3,0,0,2,4,2,1,0,1,0,0,0,0,0,0,1,0,0,0,0,0,0,0,0,0,0,0,0,0,1,0,0,0,0,0,0,0,1,0,0,0,0,0,0,0,0,0,0,0,0,1,0,0,0,0,1,1,0,8,0
0,1,0,0,0,0,0,0,0,0,1,0,1,0,0,0,0,0,0,0,0,0,0,1,0,0,0,0,1,0,0,1,1,0,2,0,0,0,0,0,1,0,0,0,0,1,0,0,0,0,0,0,0,0,0,0,0,0,0,0,0,0,0,0,0,1,0,0,1,0,0,0,0,0,0,0,0,0,0,0,0,0,10,1,0,1,4,0,0,1,0,2,0,0,0,0,1,4,0,0
0,0,0,1,2,1,0,1,1,1,0,1,0,5,3,3,3,3,0,1,0,3,4,0,16,7,1,0,0,0,0,0,0,0,1,1,1,0,0,0,0,0,0,0,0,0,0,0,0,0,0,0,0,0,0,0,0,0,0,0,0,0,0,0,0,0,0,0,0,0,1,0,0,0,0,0,0,9,0,0,12,16,3,0,0,2,0,0,0,0,0,0,0,3,0,0,0,0,0,0
0,12,8,3,2,3,6,11,0,1,9,0,1,1,0,2,0,1,0,2,5,0,4,2,2,2,1,1,0,11,20,1,19,12,0,0,0,0,1,0,0,1,2,1,0,0,0,0,12,4,0,28,22,2,0,4,1,0,18,15,1,0,7,2,5,5,0,3,0,0,0,0,22,28,0,0,3,1,1,0,1,3,1,0,8,3,17,4,1,0,2,2,0,2,1,0,0,0,0,1
4,1,5,14,0,0,19,2,2,3,2,7,0,0,0,0,0,0,0,0,0,0,0,0,0,0,0,0,0,3,10,0,6,7,0,5,7,4,4,0,6,1,0,1,7,0,0,0,0,0,0,0,0,2,0,0,0,0,0,0,0,0,0,1,21,26,0,0,0,0,0,0,0,0,0,0,0,0,0,0,0,0,0,0,0,0,0,0,0,0,0,0,0,0,0,0,0,0,0,0
4,6,0,15,7,2,0,0,2,0,1,0,3,0,0,0,0,0,0,0,0,0,6,0,0,0,0,0,0,0,0,0,1,0,0,0,1,1,0,0,0,0,0,0,0,0,1,11,28,4,1,1,3,0,1,2,0,0,0,1,1,0,0,0,0,1,1,0,0,0,1,2,0,0,1,1,0,1,1,0,0,0,1,2,0,0,0,0,0,0,1,0,0,0,0,0,0,0,0,0
0,0,0,0,0,0,0,0,0,0,0,0,0,0,0,0,0,0,0,0,0,0,0,0,2,0,0,0,1,0,1,0,1,0,4,4,22,3,0,0,0,2,2,1,1,2,0,1,0,0,0,1,1,1,0,0,0,1,0,0,0,0,0,0,0,0,1,1,5,5,0,0,1,0,0,0,0,0,0,0,0,0,0,0,0,0,0,0,6,1,2,0,0,0,6,9,0,2,2,0
0,2,0,1,0,2,3,0,0,0,0,0,0,0,0,0,0,0,0,0,0,0,0,0,0,0,0,0,0,1,1,1,1,1,0,0,0,0,1,3,0,0,0,2,0,0,0,0,0,0,0,0,0,0,0,2,16,0,1,0,1,0,0,0,1,0,7,18,14,14,0,0,0,3,3,5,6,0,2,10,6,0,0,0,3,0,0,3,0,3,0,0,4,18,0,0,1,0,0,0
1,11,6,5,8,7,0,11,12,13,7,0,0,0,0,0,0,0,0,0,0,1,1,9,1,9,2,0,0,0,0,0,0,0,2,0,0,0,0,0,0,0,0,0,0,0,0,0,0,0,2,0,0,0,0,2,9,0,7,25,11,12,3,1,1,0,4,1,1,0,0,1,4,1,0,0,15,16,6,4,0,0,0,7,0,0,0,0,0,0,0,0,2,17,0,0,0,0,0,0
0,0,0,0,0,0,0,0,0,0,0,0,0,0,0,0,0,0,0,1,13,17,11,16,9,2,0,0,0,0,0,0,3,1,1,4,2,0,5,0,0,1,1,0,1,1,1,0,1,0,0,0,0,1,0,0,0,0,0,0,0,0,0,0,1,0,0,0,0,0,0,0,0,1,0,0,0,0,0,0,0,1,1,0,0,0,0,0,0,0,0,0,0,0,0,0,0,0,0,0
1,1,0,0,0,0,0,0,0,0,0,0,0,0,0,0,0,0,0,0,0,0,0,0,0,0,0,0,0,0,0,0,0,0,0,0,0,0,0,0,0,0,0,0,0,0,0,0,0,0,6,5,5,1,0,0,0,0,0,0,0,0,0,0,0,0,0,0,0,0,0,0,0,0,0,0,0,0,0,0,0,0,0,0,0,0,0,0,0,0,0,0,0,0,0,0,0,0,0,0
0,0,0,0,1,0,0,0,0,0,0,0,3,0,0,2,3,2,0,0,0,0,2,0,0,0,0,0,1,0,0,0,0,0,0,0,0,0,0,0,0,0,0,0,0,0,0,0,0,0,0,0,0,0,0,0,0,0,0,0,0,0,0,0,0,0,0,0,0,0,0,0,0,0,0,0,0,0,0,0,0,0,0,0,0,0,0,0,0,0,0,0,0,0,0,0,0,0,0,0
0,0,0,0,0,3,0,1,0,0,1,1,0,0,0,0,0,0,0,0,0,0,0,0,0,0,0,0,0,0,0,0,0,0,0,0,0,0,0,0,0,0,0,0,0,0,0,0,2,2,2,0,0,0,0,0,0,0,2,0,0,0,0,0,1,0,0,0,0,0,0,1,0,0,0,0,0,0,0,0,0,0,0,0,0,0,0,0,0,0,0,0,0,0,0,0,0,0,0,0
0,0,0,0,5,2,15,4,0,2,0,0,0,3,3,1,0,0,0,0,0,0,0,0,0,0,0,0,0,0,0,0,0,0,0,0,0,0,0,0,0,0,1,0,0,0,0,0,0,0,0,0,0,0,0,0,0,0,0,0,0,0,0,0,9,1,0,0,0,0,10,2,0,0,0,0,3,1,0,0,1,0,1,9,0,0,1,0,0,0,0,0,0,0,0,0,0,0,0,0
0,0,0,0,5,3,10,0,2,1,0,0,0,0,0,0,0,0,1,3,3,0,0,1,1,1,4,7,7,9,0,0,1,0,0,10,1,0,0,0,0,0,2,2,2,1,1,1,0,0,0,0,0,0,0,1,3,1,0,2,0,0,2,5,3,0,0,0,0,0,1,0,0,1,1,0,3,9,1,0,0,5,10,1,1,0,0,1,0,0,0,0,0,0,1,3,1,1,0,4
0,0,0,0,0,0,0,0,0,0,4,0,0,0,0,1,0,0,11,3,3,0,1,0,1,8,0,1,0,0,0,0,2,3,2,0,2,1,1,0,0,1,3,3,5,1,4,0,0,1,0,2,11,10,5,5,0,11,0,1,0,0,1,24,0,12,4,0,7,3,0,0,0,0,1,0,0,0,0,0,1,0,0,0,0,0,0,0,0,0,0,1,0,0,0,0,0,1,1,1
0,0,0,0,0,0,0,0,0,0,0,2,0,0,0,0,0,0,0,0,0,0,0,0,0,0,0,0,0,0,0,0,0,0,0,0,0,0,3,10,1,0,0,0,1,0,0,0,0,0,0,0,0,0,0,0,0,0,0,0,0,0,5,0,5,0,0,0,0,0,0,0,0,1,0,0,0,0,0,0,0,0,0,0,0,0,0,0,0,0,0,0,0,0,0,0,0,0,0,0
0,0,0,0,0,0,0,0,0,0,0,0,0,0,0,0,0,1,0,0,0,0,0,0,0,0,0,0,0,0,0,0,0,0,0,0,0,0,0,0,0,0,0,0,0,0,0,0,0,0,0,0,0,0,0,0,0,0,0,0,0,0,0,0,0,0,0,0,0,0,0,0,0,0,0,0,0,0,0,0,0,0,0,0,0,0,0,0,0,0,0,0,0,0,0,0,0,0,0,0
0,0,0,0,0,0,0,0,0,0,0,0,0,0,0,0,0,0,0,0,0,0,0,0,0,0,0,0,0,0,0,0,0,0,0,0,0,0,0,0,0,0,0,0,0,0,0,0,0,0,0,0,0,0,0,0,0,0,0,0,0,0,0,0,0,0,0,0,0,0,0,0,0,0,0,0,0,0,0,0,0,0,0,0,0,0,0,0,0,0,0,0,0,0,0,0,0,0,0,0
2,0,0,0,0,0,0,0,0,1,0,0,0,0,0,0,0,0,0,0,0,0,2,0,3,0,0,0,0,0,0,0,0,0,2,1,1,0,0,0,0,1,0,0,0,0,0,0,0,0,0,0,0,0,0,0,0,0,0,0,0,0,0,0,0,0,0,1,2,0,3,6,1,0,0,0,0,0,0,1,0,0,0,0,0,0,0,0,0,0,0,0,0,0,0,0,0,0,0,0
2,0,2,0,1,1,1,3,3,0,0,1,0,0,0,2,1,1,7,2,5,4,3,0,0,0,0,0,0,0,0,0,0,0,0,0,0,0,0,0,0,0,0,0,0,0,0,0,0,0,0,0,0,0,0,0,0,0,0,0,0,0,0,0,0,0,0,0,0,0,0,0,0,0,0,0,0,0,0,0,0,0,0,0,0,0,0,0,0,0,0,0,0,0,0,0,0,0,0,0
1,1,0,2,1,3,0,13,0,0,0,0,0,0,0,0,0,0,0,0,0,0,0,0,0,0,0,3,0,0,2,0,0,0,2,1,0,0,0,1,0,0,0,0,0,1,2,5,9,0,0,0,0,0,0,0,0,0,0,0,0,0,4,3,0,0,0,0,0,1,0,0,0,1,0,0,0,0,0,0,0,0,0,0,0,0,0,0,0,0,0,0,0,0,0,0,0,0,0,0
0,1,1,0,0,0,0,0,0,0,0,0,0,0,0,0,0,0,0,1,1,0,0,0,0,0,0,0,0,0,0,0,0,0,0,0,0,0,0,0,0,0,0,0,0,1,4,7,0,0,0,0,0,0,1,0,0,0,1,0,1,0,0,0,0,0,0,0,0,0,0,0,0,0,0,0,1,0,0,0,0,0,0,0,0,0,0,0,0,0,1,0,0,0,0,1,0,0,0,0
4,2,0,3,5,0,0,0,0,0,0,0,0,5,7,0,0,1,0,0,0,1,0,0,2,0,0,0,0,0,0,7,9,1,5,7,0,0,0,6,0,0,0,0,2,0,0,7,13,0,0,0,2,0,1,0,6,0,0,0,0,1,1,5,5,1,1,0,1,1,4,1,0,0,0,0,1,0,0,0,0,0,0,0,0,0,0,0,0,0,0,0,0,0,0,0,0,17,0,0
0,0,0,0,0,0,0,0,0,0,0,0,0,0,0,0,0,0,0,0,0,0,0,0,0,0,0,0,0,0,0,0,0,0,0,0,0,0,0,0,0,0,0,0,0,0,0,0,0,0,0,0,0,0,0,0,0,0,0,0,0,0,0,0,0,0,0,0,0,0,0,0,0,0,0,0,0,0,0,0,0,0,0,0,0,0,0,0,0,0,0,0,0,0,0,0,0,0,0,0
1,2,1,1,0,0,0,0,0,0,0,0,0,0,0,0,0,0,0,1,1,0,0,0,0,0,0,0,0,1,0,0,0,0,0,0,0,0,0,0,0,0,0,0,0,0,0,0,0,0,0,0,0,0,0,0,0,0,0,0,0,0,0,0,0,0,0,0,0,0,0,0,0,0,0,0,0,0,0,0,0,0,0,0,0,0,0,0,0,0,0,0,0,0,0,0,0,0,0,0
0,0,0,0,0,0,0,0,0,0,0,0,0,0,0,0,0,0,0,0,0,0,0,0,0,0,0,0,0,0,0,0,0,0,0,0,0,0,0,0,1,0,0,0,0,0,0,0,0,0,0,0,0,0,0,0,0,0,0,0,0,0,0,0,0,0,0,0,0,0,0,0,0,1,0,0,0,0,0,0,0,0,0,0,0,0,0,0,0,0,0,0,0,0,0,0,0,0,1,0
0,0,0,0,0,0,0,0,1,4,0,0,0,0,0,0,0,0,0,0,0,1,0,0,0,0,0,0,0,0,0,0,0,0,0,0,0,0,0,0,0,0,0,19,2,0,0,0,0,5,0,2,0,0,0,0,0,0,0,0,0,0,0,0,0,0,0,0,0,0,0,0,0,0,0,1,0,0,0,0,0,0,0,0,1,0,0,0,0,0,0,0,0,0,0,0,1,0,0,0
0,0,0,0,0,0,0,0,0,0,0,0,0,0,0,0,0,0,0,0,0,0,0,0,0,0,0,0,0,0,0,0,0,0,1,0,0,0,0,0,0,0,1,0,0,0,0,0,0,0,0,0,0,0,0,1,2,0,0,0,0,0,0,0,0,0,0,0,0,0,0,0,2,0,0,1,0,0,0,0,0,0,0,0,0,0,0,0,0,0,0,1,0,0,0,0,0,0,0,0
0,0,0,0,0,0,0,0,0,0,0,0,0,0,0,0,0,0,0,1,0,0,7,11,2,1,0,0,0,0,0,0,0,8,2,1,1,2,0,0,0,1,0,0,0,1,0,0,0,0,0,0,0,0,0,0,0,0,1,0,0,0,0,0,0,1,3,0,0,1,0,0,0,0,0,0,0,0,0,3,13,2,0,0,0,0,0,0,0,0,0,0,0,1,0,0,0,0,0,0
0,1,0,0,0,0,0,0,0,0,0,0,0,0,0,0,0,0,0,0,0,0,1,0,0,0,0,0,0,32,39,20,21,13,4,3,3,0,1,0,0,0,1,0,1,0,0,0,2,9,1,9,3,0,0,0,10,0,5,1,0,0,6,2,0,0,40,1,0,0,0,0,0,0,0,0,1,0,0,0,0,0,0,5,19,0,0,0,6,1,0,0,0,0,0,7,1,0,0,0
0,0,0,0,0,0,0,0,0,1,0,0,0,0,0,0,0,1,0,4,1,0,7,10,4,33,28,46,4,0,0,0,0,7,1,0,0,1,1,0,0,0,0,5,0,2,0,1,0,1,0,0,0,0,1,9,1,1,0,0,0,0,0,0,1,0,0,0,0,0,0,0,0,0,0,0,0,1,0,0,0,0,1,6,0,0,0,1,1,0,0,0,11,0,0,6,18,0,0,0
0,0,0,0,0,0,3,19,12,6,1,1,0,0,1,0,0,0,0,0,0,0,0,0,0,0,3,2,0,0,2,10,15,4,1,0,8,2,3,0,3,3,4,5,3,1,3,3,0,0,0,0,0,0,0,0,13,4,0,2,0,3,0,2,5,2,0,1,0,12,17,2,1,9,0,0,0,3,1,1,0,0,0,0,0,0,0,0,0,0,0,0,0,0,0,0,0,0,0,1
0,0,0,0,0,0,0,0,1,0,0,0,0,0,0,0,0,0,0,0,0,0,0,0,0,0,0,0,0,0,0,1,1,0,0,0,0,0,0,0,0,0,0,0,0,0,0,0,0,0,0,0,0,0,0,0,0,0,0,0,1,0,0,0,0,0,0,0,0,0,0,0,0,1,0,0,0,0,0,0,0,0,0,1,0,0,0,0,0,0,0,0,0,0,0,0,0,0,0,0
0,1,0,0,0,0,0,1,0,0,0,0,0,0,0,0,0,0,1,1,0,1,0,2,0,1,1,1,2,2,1,0,2,0,2,1,0,0,1,0,0,2,4,0,1,0,0,0,3,1,0,0,10,13,23,19,9,7,0,0,0,1,1,0,0,0,0,0,0,0,3,0,1,0,1,0,0,0,0,2,7,2,3,0,0,0,3,1,4,0,0,6,1,0,0,3,0,1,0,0
0,0,0,0,0,0,0,0,0,0,0,0,0,0,0,0,0,0,0,0,0,0,0,0,0,0,0,0,0,0,1,0,0,0,0,0,0,0,0,0,0,0,0,0,0,0,0,0,0,0,0,0,0,0,0,0,3,0,1,1,0,0,0,0,0,0,0,0,0,0,0,0,0,0,0,0,0,0,0,0,0,0,0,0,0,0,1,0,0,0,2,0,0,0,0,0,0,0,0,0
0,0,0,0,0,2,6,0,0,0,0,0,0,0,0,1,0,0,0,0,0,0,0,0,1,1,0,0,0,0,0,0,0,0,0,2,0,0,0,0,0,14,9,3,1,1,0,0,0,0,0,0,0,0,0,0,0,1,0,0,0,0,0,0,0,0,1,1,8,5,3,0,0,0,0,0,0,0,0,0,0,0,0,0,0,0,0,1,0,1,0,0,0,0,0,0,0,0,0,1
2,1,0,0,0,0,0,1,1,1,0,0,0,4,4,4,0,0,0,1,3,0,1,1,0,0,0,1,6,0,1,0,0,0,0,4,8,1,5,1,0,0,1,11,1,0,0,0,2,0,0,5,8,7,13,13,2,0,0,0,10,0,1,0,1,0,2,1,0,9,0,6,0,8,0,6,0,0,0,2,4,6,4,0,1,7,4,0,0,0,0,0,0,1,0,0,0,0,0,0
0,0,0,0,0,0,1,0,0,1,0,0,0,0,0,0,1,0,0,0,0,0,0,0,0,0,0,0,0,0,0,0,0,0,0,0,0,0,0,0,0,0,0,0,0,0,0,1,0,0,0,0,0,0,0,1,0,0,0,0,0,0,0,0,0,0,0,0,0,0,0,0,0,0,0,0,0,0,0,0,0,0,0,0,0,0,0,0,0,1,0,0,1,0,0,0,1,1,0,0
0,0,0,0,1,0,0,0,0,0,2,0,0,1,0,2,0,0,1,0,6,0,0,0,0,0,10,8,12,2,3,5,1,0,0,1,0,10,20,12,0,0,0,0,0,0,0,0,0,6,1,12,4,0,0,0,0,0,0,0,0,0,0,0,0,0,0,0,0,0,0,0,0,0,0,0,0,0,0,0,0,0,0,0,0,0,0,0,0,0,0,0,0,0,0,0,0,0,0,0
0,0,0,0,0,0,0,0,0,0,0,0,0,0,0,0,0,0,0,0,0,0,0,0,0,0,0,0,0,0,0,0,0,0,0,0,0,0,0,0,0,0,0,0,0,0,0,0,0,0,0,0,0,0,0,0,0,0,0,1,7,0,0,0,0,0,0,1,0,0,23,8,0,1,12,0,0,0,0,0,0,0,6,4,0,0,2,0,1,13,0,0,0,0,0,0,1,0,0,0
0,0,0,1,3,0,0,0,0,0,0,0,0,0,32,33,12,1,2,10,0,0,1,1,0,0,0,0,14,7,1,1,2,5,5,0,0,12,20,0,0,0,0,0,1,3,0,0,0,0,0,0,1,0,0,0,1,0,0,0,0,4,5,4,14,0,0,2,1,16,11,1,0,1,0,0,0,0,0,0,0,0,0,0,0,0,0,0,0,0,0,0,0,37,15,6,14,3,1,0
0,0,0,1,0,0,0,0,0,0,0,1,0,0,2,0,0,1,1,0,1,0,0,2,0,3,3,2,0,0,0,0,0,0,0,0,0,0,0,0,0,0,0,0,0,0,0,0,0,0,0,0,0,0,1,0,0,0,0,0,0,1,0,2,0,5,4,0,0,0,0,0,0,0,0,0,0,0,0,0,0,0,0,3,3,0,0,2,0,0,0,0,0,0,0,0,0,0,0,0
0,0,0,0,0,0,0,0,0,0,0,0,0,0,0,0,0,0,1,0,0,0,0,0,1,4,1,0,0,0,1,0,0,1,1,1,0,0,0,0,1,0,0,3,1,1,0,0,0,0,0,0,3,2,0,0,0,1,0,5,9,2,0,0,3,1,1,0,2,0,0,0,1,0,0,0,0,0,0,0,0,0,0,0,0,0,0,0,0,0,0,0,0,0,0,0,1,2,0,0
1,1,0,5,0,1,0,0,10,11,12,16,19,0,0,0,14,22,14,0,3,7,0,0,0,1,3,0,0,4,7,1,0,16,0,8,0,5,1,14,0,3,10,3,4,0,0,6,4,2,1,0,1,0,2,0,0,0,2,16,15,2,2,1,1,1,1,3,2,7,5,0,0,0,0,0,0,0,0,0,3,1,0,0,12,8,0,0,1,0,0,2,1,1,1,0,0,0,1,3
0,0,4,18,16,18,8,8,2,2,8,11,7,2,9,7,8,0,0,0,4,8,1,0,1,2,1,0,0,1,0,2,3,2,2,0,0,0,0,0,0,8,0,0,0,0,2,9,0,0,0,0,0,0,0,0,0,0,0,0,0,1,0,0,0,1,0,0,1,0,0,0,0,0,0,0,1,0,0,2,0,1,1,0,0,0,0,1,0,0,0,1,0,0,0,1,0,0,5,0
0,0,0,0,1,0,0,0,0,0,0,0,0,0,1,0,0,1,0,2,0,0,1,0,0,0,0,0,1,0,0,0,0,0,0,0,0,0,0,0,0,0,0,0,0,0,0,0,0,0,0,0,0,0,0,0,0,11,0,0,0,0,1,0,0,0,0,0,0,17,3,1,0,4,0,0,4,0,2,0,0,0,0,0,1,0,0,0,0,0,0,0,0,0,0,0,0,0,0,0
0,0,0,0,0,1,0,0,0,0,0,0,0,0,1,0,0,2,1,0,1,1,0,1,1,1,0,0,0,0,1,0,0,1,0,1,0,2,0,0,0,0,0,0,0,0,0,0,1,1,0,1,0,0,0,0,0,0,1,0,0,0,0,0,0,0,0,0,0,0,0,0,1,0,0,0,0,0,0,0,0,0,0,0,1,8,9,0,0,0,0,0,0,0,0,0,0,1,0,0
0,0,1,4,2,0,0,13,14,9,11,14,11,11,16,6,5,5,4,5,10,5,2,3,8,11,8,6,2,0,0,3,0,1,0,0,0,0,3,3,1,1,5,4,0,1,0,0,0,1,0,0,0,0,0,1,0,1,0,15,1,0,0,0,0,4,1,0,3,6,4,4,12,12,0,0,0,0,0,0,1,2,0,0,0,0,0,2,0,0,0,0,1,0,0,0,0,0,0,0
0,0,0,5,0,0,2,6,3,4,9,3,3,8,10,0,0,0,0,0,0,0,0,0,0,3,14,9,2,1,0,1,0,3,0,0,0,0,0,0,0,1,0,0,0,2,0,1,0,1,0,0,1,0,0,0,0,1,1,0,0,0,0,0,0,0,0,0,0,0,0,0,0,1,0,2,0,0,0,0,1,0,1,0,2,0,0,1,0,0,0,0,0,0,0,1,3,0,2,2
0,0,0,0,0,1,0,0,2,1,4,5,2,0,1,1,0,14,17,0,1,2,2,2,4,9,0,0,0,0,1,0,1,0,0,0,0,4,3,5,5,0,0,0,1,2,0,2,5,6,0,1,2,2,1,0,2,0,0,1,0,0,2,0,1,1,0,1,0,0,0,0,0,0,0,0,0,0,1,1,2,1,0,1,1,0,0,1,2,1,2,2,0,0,1,0,0,9,5,6
0,0,1,1,0,0,0,0,0,0,5,29,15,10,16,0,0,11,1,1,3,8,6,3,0,0,3,3,1,0,11,0,0,0,6,0,1,0,0,0,0,0,0,0,0,0,0,4,0,0,0,0,0,0,0,0,2,1,0,1,4,3,19,12,1,5,0,0,1,1,0,23,6,1,3,0,0,0,0,0,0,0,0,1,0,5,3,0,0,1,4,3,0,0,0,0,5,9,0,0
0,0,4,1,2,2,5,2,0,0,3,24,24,21,2,0,0,0,0,0,0,0,0,0,0,0,0,0,1,0,0,0,0,1,1,0,0,2,0,1,3,0,14,2,0,0,7,17,13,13,0,14,29,15,0,0,1,0,0,0,3,0,2,0,1,0,1,4,0,0,0,0,0,0,0,0,0,0,0,0,0,1,2,8,5,1,2,2,2,1,0,0,0,0,0,0,0,0,0,0
0,4,9,2,1,2,16,3,0,1,0,3,0,0,0,0,0,0,0,0,0,0,0,0,0,0,0,0,0,0,0,6,4,0,0,0,0,0,3,14,0,0,0,1,0,0,0,0,0,0,21,10,1,4,0,4,6,0,0,0,1,1,2,3,1,1,3,1,6,8,4,2,7,4,0,2,5,2,0,0,0,3,2,3,9,10,0,0,0,0,0,0,0,0,0,0,0,0,0,1
0,0,12,15,2,0,0,0,0,0,0,0,1,0,11,2,0,0,0,0,0,2,0,6,0,6,0,1,1,1,0,1,2,2,1,3,0,0,1,1,0,1,1,2,2,0,0,0,0,0,0,0,0,0,0,0,0,0,0,0,0,0,0,13,12,1,1,4,2,1,1,1,1,8,19,0,0,0,0,12,5,0,1,0,0,0,0,0,13,14,0,5,7,1,6,2,1,5,2,0
0,0,0,0,0,0,5,5,0,0,0,0,0,0,0,0,0,2,0,0,1,3,0,0,0,0,0,0,0,0,0,0,0,0,0,0,0,0,0,0,2,0,0,1,0,0,0,0,0,0,0,0,0,0,0,1,1,1,1,0,0,0,0,0,0,0,0,0,0,0,0,0,0,0,0,0,1,0,0,0,0,1,4,1,1,1,1,0,1,1,1,1,0,2,1,1,2,0,0,0
0,0,0,0,2,0,0,0,0,0,0,0,0,0,0,0,0,0,0,0,1,0,0,0,0,0,0,0,0,0,0,0,0,0,1,0,0,0,0,0,0,0,0,0,0,0,0,0,0,0,0,0,0,0,0,2,0,0,0,0,0,1,0,1,0,0,2,0,0,0,0,0,0,0,3,4,0,0,2,0,0,3,5,0,0,0,1,3,2,1,2,3,6,2,0,3,8,14,4,0
0,0,0,0,0,0,0,0,0,0,0,0,0,0,0,0,0,0,0,0,0,0,0,0,0,0,0,1,1,0,0,0,0,0,0,0,0,0,0,0,0,0,2,0,0,0,0,0,0,1,1,14,1,1,0,0,0,0,0,0,3,3,6,18,21,5,0,0,8,1,0,0,14,4,0,4,0,3,0,5,0,0,0,0,0,0,0,0,0,1,4,1,0,0,0,7,6,1,0,0
0,4,0,0,0,0,0,0,0,0,1,0,1,2,13,19,23,24,24,4,10,1,1,0,0,0,0,0,0,0,1,0,0,0,0,0,1,1,0,0,1,0,0,1,0,0,0,0,0,0,0,1,0,1,0,0,0,0,0,0,0,0,0,0,0,0,0,0,0,0,0,1,1,0,0,0,0,0,0,0,0,0,0,0,0,0,0,0,0,0,0,0,0,0,0,0,0,0,0,0
0,0,0,0,0,0,1,0,0,0,0,0,0,0,0,0,0,0,0,0,3,0,0,0,0,0,0,0,0,2,0,0,1,0,1,1,0,0,0,0,0,0,0,0,0,0,0,0,1,0,1,0,1,2,0,0,0,0,0,0,0,1,0,0,0,0,0,1,0,0,1,0,0,0,0,4,0,0,0,8,1,0,0,0,3,1,0,0,0,0,0,0,0,0,0,0,0,0,1,0
0,3,2,0,0,0,1,0,0,0,0,2,4,4,4,1,4,5,3,4,3,4,3,4,4,1,1,1,2,1,0,0,1,1,2,1,0,2,0,0,0,0,0,0,0,0,0,0,0,0,0,0,0,0,0,0,0,0,0,0,0,0,0,0,0,0,0,0,0,0,0,0,0,0,0,0,0,0,0,0,0,0,0,0,0,0,0,0,0,0,0,0,0,0,1,0,0,0,0,0
0,0,0,0,0,0,1,0,0,0,0,0,0,0,0,0,0,0,0,0,0,0,0,0,1,1,1,1,1,0,0,2,1,1,0,0,5,0,0,0,0,0,0,0,0,0,0,0,0,0,0,0,0,0,0,0,0,0,0,0,0,0,0,0,0,0,4,0,0,0,0,0,0,0,0,0,0,3,3,0,0,0,0,0,0,0,0,0,0,0,0,3,0,0,0,0,0,3,3,2
0,0,0,0,0,1,0,0,0,0,0,0,0,0,0,0,0,0,0,0,1,0,0,0,0,0,3,4,1,3,1,4,3,4,0,0,0,0,0,0,6,12,0,2,0,0,0,0,0,0,0,0,0,0,0,0,0,0,0,0,0,0,0,0,0,0,0,1,0,0,0,0,0,0,1,1,0,0,0,0,0,2,1,0,0,1,0,1,0,0,0,0,0,0,0,0,0,0,0,0
0,0,0,0,0,0,0,0,0,0,0,0,0,0,0,0,0,0,0,0,0,0,0,0,0,0,0,0,0,0,0,0,0,0,0,0,0,0,0,0,0,0,0,0,0,0,0,0,0,0,0,1,1,0,0,0,0,0,0,0,0,0,0,0,0,0,0,0,0,0,0,0,0,0,0,0,0,0,0,0,0,0,0,0,0,0,0,0,0,0,0,0,0,0,0,0,0,0,0,0
0,0,0,0,0,0,0,0,0,0,0,0,0,0,0,0,0,0,0,0,0,0,0,0,0,0,0,0,1,0,0,1,0,0,0,0,0,0,1,1,0,0,0,0,0,0,0,0,0,0,1,0,0,0,0,0,2,0,0,0,0,0,0,0,0,0,0,0,0,1,1,3,0,0,0,0,1,0,0,0,0,2,0,0,0,0,0,0,1,0,0,0,0,0,0,0,0,0,0,0
0,0,0,0,1,0,1,0,2,0,1,0,0,0,1,4,0,0,2,0,1,0,0,0,0,15,0,1,2,2,0,0,0,0,0,0,0,0,2,1,6,0,0,2,1,0,1,0,0,2,2,0,0,2,0,1,1,0,0,1,0,1,0,0,0,0,1,0,3,1,15,15,2,0,1,2,0,0,0,1,1,0,0,1,2,0,0,3,1,1,0,0,0,0,2,16,11,3,13,1
0,1,0,1,23,0,0,0,0,17,0,0,0,0,1,7,0,0,0,0,0,0,0,0,0,0,0,0,0,0,0,0,1,0,0,0,0,0,2,7,21,16,0,0,0,0,3,0,0,0,8,11,0,0,1,1,0,1,0,1,0,0,5,13,1,1,0,1,0,0,2,0,1,1,1,0,0,0,1,0,0,0,1,1,0,0,1,0,1,0,0,0,1,1,2,0,0,0,0,0
0,0,0,0,0,0,0,0,0,0,0,0,1,1,0,0,0,0,0,0,0,0,0,0,0,0,0,0,0,0,0,0,0,0,0,0,0,0,0,0,0,0,0,0,0,0,0,0,0,0,0,0,0,0,0,0,0,0,0,0,0,0,0,0,0,0,0,0,0,0,0,0,0,0,0,0,0,0,0,0,0,1,0,0,0,0,0,0,0,0,0,0,0,0,0,0,0,0,0,0
13,8,13,5,2,0,0,0,0,2,11,1,0,0,0,0,0,0,0,0,0,0,0,0,0,0,0,0,0,0,0,1,0,0,0,0,0,1,0,0,0,0,0,1,0,0,0,0,0,0,0,0,0,0,0,0,0,0,0,0,1,0,1,0,0,0,0,0,0,0,0,1,1,0,1,0,3,0,0,1,1,0,0,1,2,3,1,2,1,0,0,0,0,0,0,0,0,0,0,0
0,0,0,0,0,0,0,0,0,0,0,0,0,0,0,0,1,0,0,0,1,0,0,0,0,0,1,1,0,0,0,6,5,1,4,3,1,0,3,12,4,0,0,0,0,0,0,5,0,0,0,0,0,0,0,0,0,0,0,8,0,2,11,18,1,1,0,0,0,1,0,0,1,2,3,2,0,0,0,1,0,4,2,0,0,0,0,0,1,0,0,0,0,2,0,1,0,1,0,1
30,0,0,0,0,0,0,0,0,0,0,0,0,0,0,2,0,0,1,0,0,2,0,2,0,0,0,0,0,0,13,2,0,2,1,3,3,0,1,0,2,2,0,1,1,1,0,1,1,0,0,0,0,0,0,0,1,9,1,0,0,2,0,1,0,1,3,2,0,1,2,2,1,0,0,0,0,2,1,2,0,4,0,1,3,1,0,0,1,0,0,2,1,0,2,1,1,0,1,2
0,4,4,4,0,3,2,1,7,4,3,6,11,5,1,8,1,2,5,5,5,3,0,1,1,3,32,30,8,15,23,22,42,24,0,0,7,6,4,0,7,5,17,15,11,12,12,9,2,4,1,5,10,9,8,6,4,12,9,9,6,2,2,1,3,2,2,4,0,2,5,5,3,26,24,20,4,2,19,0,41,10,2,9,4,9,43,11,13,19,7,2,3,0,3,1,0,0,0,0
0,0,4,0,12,13,0,0,0,0,0,0,0,0,0,0,0,2,0,1,0,1,0,2,1,1,1,1,0,0,0,3,0,0,0,0,0,0,0,0,0,21,14,1,1,0,1,0,0,1,1,1,1,0,0,0,1,1,0,0,0,0,1,0,0,0,0,2,0,1,1,0,2,1,0,1,1,0,0,0,1,0,0,0,1,0,0,0,1,0,0,0,0,0,0,0,3,1,0,0
0,0,2,7,3,0,1,0,0,0,0,0,0,0,0,0,0,0,0,0,0,1,0,0,1,1,0,3,1,0,0,0,0,1,0,0,1,1,0,0,0,0,0,0,1,0,0,0,0,0,0,6,2,4,6,0,0,0,0,0,0,0,0,0,0,0,0,0,0,0,0,0,0,0,0,0,0,0,0,0,0,0,0,0,0,0,0,0,0,0,0,0,0,0,0,0,0,0,0,0
0,2,0,0,0,0,0,0,0,0,0,1,0,0,0,0,0,0,0,0,0,1,0,0,0,1,0,0,0,0,0,0,0,0,0,0,0,0,0,1,2,0,2,0,0,0,0,0,0,0,0,0,5,5,4,1,2,0,0,0,0,0,8,0,0,0,0,0,0,0,0,0,0,0,0,0,0,0,0,0,0,0,0,0,0,0,0,0,0,0,0,1,0,0,0,0,0,0,0,0
0,0,0,0,0,0,0,0,0,0,0,0,1,0,0,0,0,0,0,0,0,0,0,0,0,0,0,0,0,0,0,0,0,0,0,0,0,0,0,0,0,0,0,0,0,1,1,0,0,0,0,0,2,2,2,5,0,1,0,0,0,0,0,0,0,0,0,0,0,0,0,1,1,1,0,0,0,0,0,0,0,0,0,0,0,0,2,2,0,0,0,0,0,2,2,1,1,0,0,0
0,1,1,1,1,2,0,0,8,0,0,0,0,0,0,0,0,0,0,2,19,22,16,13,2,6,16,3,1,3,0,4,10,13,2,1,1,0,3,8,7,2,1,2,5,0,6,1,0,0,0,0,0,0,1,1,1,2,0,12,6,1,0,0,0,0,0,0,0,0,0,0,0,0,0,0,0,0,0,0,11,11,9,1,1,1,0,0,0,0,0,0,0,0,0,0,10,17,2,0
0,2,7,1,0,2,0,7,13,4,1,0,0,2,6,1,0,0,0,0,0,0,0,0,0,0,0,0,0,0,0,0,0,1,0,0,0,0,0,0,0,0,0,0,0,0,1,0,0,0,0,0,0,0,0,0,0,0,0,0,0,0,0,0,0,0,0,0,0,0,0,0,0,0,0,0,0,0,0,0,0,0,0,0,0,0,0,0,0,0,0,0,0,0,0,0,0,0,0,0
0,0,0,0,0,0,0,0,0,0,0,0,0,0,0,0,0,0,0,0,0,0,0,0,0,0,0,0,0,0,0,0,0,0,0,0,0,0,0,0,0,0,0,0,0,0,0,0,0,0,0,0,0,0,0,1,0,0,0,0,0,0,0,0,0,0,0,0,0,0,0,0,0,0,0,0,0,0,0,0,0,0,0,0,0,0,0,0,0,0,0,0,0,0,0,0,0,0,0,0
0,0,0,0,0,0,0,0,0,0,0,0,0,0,0,0,0,0,0,0,0,0,0,0,0,0,0,0,0,0,0,0,0,0,0,0,0,0,0,0,0,0,0,0,0,0,0,0,0,0,0,0,0,0,0,0,0,0,0,0,0,0,0,0,0,0,0,0,0,0,0,0,0,0,0,0,0,0,0,0,0,0,0,0,0,0,0,0,0,0,0,0,0,0,0,0,0,0,0,0
0,1,2,0,0,0,2,1,0,0,0,1,0,0,0,0,0,0,2,0,1,0,2,0,0,0,0,0,0,0,0,0,0,0,0,0,0,0,1,1,1,0,0,0,0,0,0,0,9,2,0,1,1,0,3,1,0,0,0,0,0,0,0,1,0,0,0,0,0,0,0,0,0,0,1,0,0,0,1,0,1,0,0,1,0,0,0,0,1,0,1,0,0,0,0,1,0,0,1,0
0,0,0,1,0,1,0,0,0,1,0,0,0,0,0,0,0,0,0,0,1,3,2,0,0,0,1,0,0,0,0,3,1,0,0,0,0,0,0,0,1,0,0,0,0,0,0,0,0,0,0,0,0,0,0,0,0,0,0,0,0,3,0,0,0,1,0,1,2,1,3,8,3,4,10,2,0,0,0,0,0,0,0,0,0,0,3,1,0,5,10,0,0,0,0,0,0,0,0,0
0,0,0,1,6,13,15,0,0,0,0,0,0,0,0,0,0,0,0,0,0,0,0,0,1,0,0,0,0,0,0,0,0,0,0,0,0,0,0,0,0,0,0,0,0,0,0,0,0,0,0,0,0,0,0,0,0,0,0,0,0,0,0,0,2,1,0,0,0,0,0,0,0,0,0,0,2,21,14,0,0,0,0,0,0,0,0,1,8,2,0,0,0,0,0,0,1,0,0,0
0,0,0,0,0,0,0,0,0,0,0,0,0,0,0,0,0,0,0,0,0,0,0,0,0,0,0,0,0,0,0,0,0,0,0,0,0,0,0,0,0,0,6,5,2,7,5,2,3,0,0,0,1,0,0,0,0,0,0,0,0,0,0,0,0,0,0,0,0,0,0,0,0,0,0,0,0,0,0,0,0,0,0,0,0,3,1,0,0,0,0,0,0,0,0,0,0,0,0,1
0,0,1,0,0,0,0,1,1,0,0,0,0,0,0,0,0,0,0,0,0,0,0,1,0,0,0,0,0,0,0,2,4,0,0,0,0,7,9,22,8,1,1,0,1,0,0,1,0,0,0,2,3,5,6,3,13,15,1,0,0,0,0,1,0,0,0,0,0,0,1,11,0,2,0,2,0,0,0,0,0,0,0,7,5,13,19,3,6,2,0,4,0,0,0,0,1,0,1,0
0,0,1,0,1,0,0,0,0,0,0,0,0,0,0,0,0,0,0,0,0,0,0,0,1,1,0,1,0,1,0,0,0,5,8,8,1,0,0,0,0,0,0,0,0,19,3,3,1,0,4,0,0,1,0,1,0,0,1,0,0,0,0,1,0,1,3,3,3,6,0,1,0,1,1,0,0,0,2,4,1,0,11,0,1,0,0,0,1,0,0,0,0,0,1,0,0,0,0,0
0,10,1,1,1,0,0,1,0,0,0,0,0,0,0,0,0,0,1,0,0,0,0,0,1,0,0,0,0,0,0,0,0,0,0,1,0,0,0,0,0,0,0,0,0,1,0,1,0,0,2,1,0,0,0,1,0,0,0,0,2,22,9,0,0,0,0,0,0,0,1,0,0,0,0,0,0,0,0,0,0,0,0,0,0,0,0,0,0,0,0,0,0,0,0,0,0,0,0,0
0,0,0,0,1,3,6,16,3,0,1,2,3,1,1,0,2,0,1,0,0,2,0,0,0,0,0,0,0,0,0,0,0,0,0,0,0,2,3,0,0,2,10,0,1,0,0,0,0,0,1,3,0,0,0,0,0,0,0,0,0,0,0,5,14,9,6,7,1,2,0,0,1,3,3,4,1,0,0,0,1,3,0,1,0,2,0,0,2,3,1,0,0,0,0,0,0,0,0,0
3,0,1,0,0,1,1,0,0,1,0,0,1,0,0,2,0,0,0,6,5,0,5,4,0,0,0,0,0,2,1,3,0,0,0,0,0,0,0,1,1,5,10,0,0,0,1,2,0,0,1,0,0,1,2,2,0,8,1,6,0,0,2,0,0,0,0,0,2,3,0,4,0,2,0,11,6,0,0,0,0,0,0,0,0,0,0,0,0,0,0,0,2,4,1,5,1,2,1,5
10,16,0,1,3,2,2,2,6,7,3,1,1,1,14,5,0,0,1,6,3,5,1,7,13,0,1,1,3,0,0,0,0,3,7,3,5,0,8,2,0,1,4,1,3,1,0,3,7,2,0,6,1,1,1,0,0,0,0,0,0,0,0,0,0,0,0,0,10,0,0,0,0,0,6,0,1,0,1,0,0,1,1,0,1,1,13,11,4,1,3,4,1,1,0,3,0,0,1,14
0,3,4,2,4,2,1,0,0,2,0,0,0,0,3,9,13,21,16,18,2,2,0,1,0,1,1,5,3,5,2,2,0,0,2,1,0,0,4,5,3,2,3,0,1,2,3,2,6,0,0,1,2,4,2,0,5,0,1,1,9,4,4,0,2,1,1,1,0,1,1,0,0,5,10,6,6,14,11,7,0,0,0,0,0,0,1,0,0,0,2,0,0,1,0,0,5,9,0,0
0,0,0,6,6,8,4,3,7,2,0,0,2,3,3,11,2,1,2,4,1,3,1,0,0,5,1,0,2,0,3,4,4,2,6,14,3,5,15,23,22,0,0,17,18,0,0,7,10,21,20,3,9,0,0,6,3,2,1,8,5,5,4,0,2,10,1,4,10,8,5,5,0,0,0,6,0,3,10,11,23,23,14,5,4,4,3,0,0,0,1,2,0,0,0,0,0,0,0,0
0,0,0,1,0,0,0,0,0,0,0,0,0,0,0,0,0,0,0,0,0,0,0,0,0,0,0,1,2,9,0,0,0,0,0,0,0,0,0,0,0,0,0,0,0,0,0,0,0,0,0,0,0,0,0,0,0,0,0,0,0,0,0,0,0,0,0,0,0,0,0,0,0,0,0,0,0,0,0,0,0,0,0,0,1,0,0,0,0,0,0,0,0,0,0,0,9,5,4,3
0,0,2,2,1,2,0,0,0,0,1,0,1,1,1,0,1,0,0,0,0,0,0,0,0,2,0,0,0,0,0,0,1,0,0,1,0,0,0,0,0,0,0,0,0,0,0,1,1,1,0,0,2,0,0,0,0,1,0,1,0,0,0,0,0,0,0,0,0,0,0,0,0,0,0,0,0,0,0,0,0,0,0,0,0,0,0,2,0,0,0,0,0,0,0,0,0,0,0,0
0,11,17,2,0,0,0,0,0,0,0,0,0,0,0,0,0,0,0,1,0,1,0,0,0,1,0,0,0,0,0,0,0,0,0,0,0,0,0,0,0,0,0,0,0,0,0,0,0,0,0,0,0,0,0,0,0,0,0,2,1,4,1,0,0,0,0,0,0,8,11,3,9,0,0,8,12,1,0,0,0,0,0,0,0,0,0,0,0,0,0,0,0,5,3,3,0,5,1,0
0,0,0,0,0,0,0,0,0,0,0,0,0,0,0,0,0,0,0,0,0,0,0,0,0,0,0,0,0,0,0,0,0,0,0,0,0,0,0,0,0,0,0,0,0,0,0,0,0,0,0,0,0,0,0,0,0,0,0,0,0,0,0,0,0,0,0,0,0,0,1,0,0,0,0,1,0,0,1,0,0,0,0,0,0,0,0,0,0,0,0,0,0,1,0,0,1,0,0,0
0,0,0,0,0,0,0,0,0,0,0,0,1,0,0,0,0,0,0,0,0,0,0,0,1,0,0,0,0,0,0,0,0,0,0,0,0,0,0,0,0,0,0,0,0,0,0,0,22,0,0,0,0,0,0,0,0,0,0,1,4,2,4,0,0,0,0,0,0,3,25,18,3,0,0,8,0,0,0,1,0,1,1,0,2,1,0,0,0,0,0,0,1,0,0,0,0,0,0,0
1,4,0,0,0,0,0,0,0,0,0,0,0,0,0,0,0,0,0,0,0,0,0,0,0,0,0,0,0,0,0,0,0,0,0,0,0,0,0,5,0,0,0,0,5,0,0,0,1,0,0,2,3,7,3,1,0,0,1,1,0,0,1,3,0,0,1,0,0,0,0,0,0,0,0,0,0,0,0,0,0,0,0,0,0,0,0,0,0,1,0,0,0,0,0,0,0,0,0,0
0,0,0,0,0,0,0,0,0,0,0,0,0,0,0,0,0,0,0,0,0,0,0,0,0,0,0,0,1,0,0,0,0,0,0,0,0,0,0,0,0,0,0,0,0,0,0,0,0,0,0,0,0,4,1,0,0,0,2,2,2,0,0,0,0,0,1,0,0,0,0,0,0,0,0,0,0,0,0,0,0,0,0,0,1,0,0,0,0,0,0,0,0,0,0,0,0,0,0,0
0,0,0,0,0,0,0,0,0,0,0,0,0,0,0,0,0,0,0,0,0,0,0,0,0,0,0,0,0,0,0,0,0,0,0,0,0,0,0,0,0,0,0,0,0,0,0,0,0,0,0,0,0,0,0,0,0,0,0,0,0,0,0,0,0,0,0,0,0,0,0,0,0,0,0,0,0,0,0,0,0,0,0,0,0,0,0,0,0,0,0,0,0,0,0,0,0,0,0,0
6,0,0,0,0,0,0,2,0,0,0,0,0,0,0,0,0,0,0,0,0,0,3,0,0,0,0,0,0,0,0,0,0,0,0,0,4,0,0,1,8,0,1,0,0,0,0,1,0,0,0,0,0,0,0,0,2,0,1,0,0,5,11,2,1,1,0,17,5,0,0,0,0,0,0,0,0,0,0,0,0,0,5,5,0,0,1,1,1,4,0,0,0,0,0,0,0,0,0,0
0,0,0,0,0,0,0,1,0,0,0,0,0,0,0,0,0,1,0,0,0,1,0,0,0,0,0,0,0,0,0,0,0,0,0,0,0,0,0,0,0,0,0,0,0,0,0,0,0,0,0,0,0,0,0,0,0,0,0,0,0,0,0,0,0,0,0,0,0,0,0,0,0,0,0,0,0,0,0,0,0,0,0,1,0,0,0,0,0,0,0,0,0,0,0,0,0,0,0,0
0,0,0,0,0,0,0,0,0,0,0,0,0,0,0,0,0,0,0,0,0,0,0,0,0,0,0,0,0,1,0,1,0,0,0,0,0,1,1,2,0,0,0,0,0,0,0,0,0,0,0,0,0,0,0,0,0,0,0,0,0,0,0,0,0,0,0,0,0,0,0,0,0,0,0,0,0,0,0,0,0,0,0,0,0,0,0,0,0,0,0,0,0,0,0,0,0,0,0,0
0,0,0,0,0,0,0,0,0,0,0,0,0,0,0,0,0,0,0,0,0,0,0,0,0,0,0,0,0,0,0,0,0,0,0,0,0,0,0,0,0,0,0,0,0,0,0,0,0,0,0,0,0,0,0,0,0,1,0,0,0,0,0,0,0,0,0,0,0,0,0,0,0,0,0,0,0,0,0,0,0,0,0,0,0,0,0,0,0,0,0,0,0,0,0,0,0,0,0,0
0,0,0,0,0,0,0,0,0,0,0,0,0,0,0,0,0,0,0,0,0,0,0,0,0,0,1,0,0,0,1,0,0,0,0,0,0,0,0,0,0,0,0,0,0,0,0,0,0,1,0,0,0,0,7,0,0,0,0,0,0,0,0,0,0,0,0,0,0,0,0,0,0,0,0,0,0,0,0,0,0,0,0,0,0,0,0,0,1,0,2,0,0,0,0,0,0,0,1,0
0,0,0,0,0,0,0,0,0,0,0,0,0,0,0,1,0,0,0,1,0,0,0,0,0,0,0,0,0,1,0,1,0,0,0,0,0,1,2,0,1,0,0,1,0,0,0,0,0,0,0,0,0,3,0,0,0,1,1,0,0,1,0,3,7,0,0,0,0,0,0,0,0,0,0,0,0,0,0,0,0,0,0,1,0,0,1,0,0,0,0,0,0,0,0,0,0,0,0,0
0,0,0,0,0,0,0,0,0,0,0,0,0,0,0,0,0,0,0,0,0,6,0,0,0,0,0,0,0,0,7,1,0,0,0,0,0,0,1,0,0,1,0,0,0,2,1,2,0,10,5,0,0,0,8,0,1,0,0,0,0,0,0,1,1,0,0,0,2,0,0,0,0,0,0,0,0,0,0,0,0,0,0,0,0,0,0,0,0,0,0,0,0,0,0,0,0,0,0,0
0,1,2,1,1,0,0,0,0,0,0,0,0,0,0,0,2,0,2,0,0,0,0,4,0,0,0,0,0,0,1,0,6,5,0,0,0,0,0,1,1,0,0,0,0,0,0,0,0,0,0,0,0,2,0,0,0,0,0,1,0,0,0,0,0,0,0,0,1,1,0,0,1,0,0,0,0,0,0,0,0,0,0,0,0,0,1,1,0,0,0,0,0,1,0,0,0,0,0,0
0,0,0,0,0,0,2,0,0,1,0,0,2,0,0,0,0,0,0,1,0,1,0,0,0,0,0,0,0,0,0,0,0,0,0,0,0,0,0,0,0,0,0,0,0,0,0,0,0,0,0,0,0,9,3,1,0,2,0,0,0,0,0,0,0,0,0,0,0,0,0,0,0,0,0,0,0,0,0,0,1,0,0,0,0,0,0,0,0,0,0,0,0,0,0,0,0,0,0,0
0,0,0,0,0,0,0,0,0,0,0,0,0,0,0,0,0,0,0,0,0,0,0,0,0,0,0,0,0,0,0,0,0,0,0,0,0,0,0,0,0,0,0,0,0,0,0,0,0,0,0,0,0,0,0,0,0,0,0,0,0,0,0,0,0,0,0,0,0,0,0,0,0,0,0,0,0,0,0,0,0,0,0,0,0,0,0,0,0,0,0,0,0,0,0,0,0,0,0,0
0,1,0,0,0,1,0,1,0,0,0,1,0,1,0,0,1,0,6,0,3,0,0,0,0,0,0,0,0,0,0,0,1,1,2,0,0,2,0,0,0,0,7,0,0,0,0,0,0,1,0,0,0,0,0,0,0,0,0,0,2,0,0,0,0,0,0,2,0,2,1,5,0,3,12,38,1,0,5,13,3,9,0,1,13,0,0,1,1,6,4,0,0,0,0,0,0,1,1,0
0,0,0,0,0,0,0,0,0,0,0,0,0,0,0,0,0,0,0,0,0,0,0,18,1,0,0,0,0,0,0,0,0,0,0,0,0,0,0,0,0,0,0,0,0,0,0,0,0,0,0,0,0,0,0,0,0,0,0,0,0,0,0,0,0,0,0,0,2,3,0,0,0,0,0,0,0,0,0,0,0,0,0,0,0,0,0,0,0,0,0,0,0,0,0,0,0,0,0,0
0,0,0,0,0,0,0,0,0,0,0,0,0,0,0,0,0,0,0,0,0,0,0,0,0,0,0,0,0,0,0,0,0,0,0,0,0,0,0,0,0,0,0,0,0,0,0,0,0,0,0,0,0,0,0,0,0,0,0,0,0,0,0,0,0,0,0,0,0,0,0,0,0,0,0,0,0,0,0,0,0,0,0,0,0,0,0,0,0,0,0,0,0,0,0,0,0,0,0,0
0,0,0,0,0,0,0,0,0,0,0,0,0,0,0,0,0,0,0,0,0,0,0,0,0,0,0,0,0,0,0,0,0,0,0,0,0,0,0,0,0,0,0,0,0,0,0,0,0,0,0,0,0,0,0,0,0,0,0,0,0,0,0,0,0,0,0,0,0,0,0,0,0,0,0,0,0,0,0,0,0,0,0,0,0,0,0,0,0,0,0,0,0,0,0,0,0,0,5,2
0,0,0,0,0,0,0,0,0,0,0,0,0,0,0,0,0,0,0,0,0,0,0,0,0,0,0,0,0,0,0,0,0,0,0,0,0,0,0,0,0,0,0,0,0,0,0,0,0,0,0,0,0,0,0,0,0,0,0,0,0,0,0,0,0,0,0,0,0,0,0,0,0,0,0,0,0,0,0,0,0,0,0,0,0,0,0,0,0,0,0,0,0,0,0,0,0,0,0,0
