0.08340299999999999,0.07427589999999999,0.05979630000000001,0.0534224,0.046928199999999996,0.09442869999999999,0.0793398,0.08043339999999999,0.126224,0.0913116,0.0706576,0.0680522,0.0655654,0.107116,0.0618991,0.0873355,0.08302689999999999,0.095706,0.100607,0.101341,0.08825980000000001,0.126067,0.14877,0.11848299999999999,0.0586577,0.0874066,0.134747,0.103726,0.11907899999999999,0.14771099999999998,0.102173,0.131917,0.137963,0.132333,0.102188,0.129395,0.167115,0.158874,0.13403299999999999,0.10858800000000002,0.124001,0.168878,0.137896,0.115873,0.105722,0.08961269999999999,0.0957776,0.09729810000000001,0.0886405,0.08747970000000001,0.13555899999999999,0.128749,0.107177,0.0903273,0.0892012,0.0921151,0.08933619999999999,0.0887229,0.0953433,0.0861211,0.0826825,0.113667,0.118932,0.109426,0.107795,0.0905946,0.121741,0.15096500000000002,0.126655,0.10268800000000002,0.112401,0.148312,0.169353,0.10686199999999998,0.15043199999999998,0.138222,0.136017,0.0990263,0.120023,0.130631,0.11828699999999999,0.0807054,0.11215499999999999,0.0823814,0.0726789,0.078842,0.061898699999999994,0.08230760000000001,0.10339100000000001,0.129364,0.11249,0.12293499999999999,0.123846,0.139449,0.12366300000000001,0.0791084,0.0898401,0.11334100000000001,0.0863895,0.10257100000000001
,,,,,,,,,,,,,,,,,,,,,,,,,,,,,,,,,,,,,,,,,,,,,,,,,,,,,,,,,,,,,,,,,,,,,,,,,,,,,,,,,,,,,,,,,,,,,,,,,,,
0.00909785,0.0,0.0,0.0,0.0,0.0,0.0,0.0,0.0,0.0,0.0,0.0,0.0,0.0,0.0487363,0.11548199999999999,0.137425,0.107877,0.10320399999999999,0.10893199999999999,0.13783099999999998,0.12427,0.0704846,0.128409,0.140675,0.113968,0.0885388,0.07907460000000001,0.11370899999999999,0.10999300000000001,0.0833383,0.104453,0.08568730000000001,0.0950811,0.08973339999999999,0.07669830000000001,0.114632,0.107821,0.102573,0.139862,0.10242899999999999,0.11510699999999999,0.12124800000000001,0.117334,0.12816,0.0985908,0.101871,0.0958149,0.10441600000000001,0.0937212,0.0764713,0.06299149999999999,0.061571,0.0637592,0.07636439999999999,0.07555869999999999,0.0607097,0.059561800000000005,0.0977783,0.0780136,0.090258,0.0834972,0.0949927,0.0968434,0.0956132,0.112944,0.08586010000000001,0.117623,0.100698,0.093511,0.0987919,0.131752,0.0852498,0.124726,0.110849,0.101393,0.0902034,0.0851697,0.0744879,0.0706758,0.102449,0.0846392,0.11333900000000001,0.0851585,0.0635922,0.07922749999999999,0.05772959999999999,0.0631896,0.0768028,0.08983680000000001,0.0650063,0.06922919999999999,0.0606119,0.0686035,0.0715605,0.0986841,0.0946961,0.07826219999999999,0.10030900000000001,0.08526399999999999
0.0881753,0.0458038,0.0870267,0.07295139999999999,0.0586993,0.048425800000000005,0.0551322,0.0533856,0.0523256,0.06496669999999999,0.039896600000000004,0.052979599999999995,0.06375940000000001,0.0837705,0.06043099999999999,0.077831,0.06465119999999999,0.056530399999999995,0.05958630000000001,0.055241,0.08123939999999999,0.11761400000000001,0.0891602,0.0893032,0.0745117,0.07737619999999999,0.0778454,0.082498,0.11762,0.118433,0.0649642,0.0810566,0.061302499999999996,0.0479876,0.08038010000000001,0.08941410000000001,0.05789,0.0561507,0.0577279,0.0840297,0.07040310000000001,0.0787282,0.0889191,0.101347,0.0750036,0.0801916,0.0722498,0.0688187,0.06430309999999999,0.078364,0.06649,0.06775369999999999,0.059686300000000005,0.0723033,0.08034780000000001,0.0941877,0.150092,0.13329100000000002,0.12197999999999999,0.07875900000000001,0.0931525,0.100924,0.07500180000000001,0.0735455,0.08376950000000001,0.0859926,0.0857324,0.0826557,0.0977056,0.0740662,0.10354400000000001,0.115941,0.119128,0.09311989999999999,0.07152819999999999,0.100525,0.0768982,0.0803818,0.05225880000000001,0.10274900000000001,0.0700125,0.0995875,0.102952,0.0971305,0.11134100000000001,0.129575,0.113521,0.119754,0.100339,0.11103199999999999,0.0921628,0.061244900000000005,0.101267,0.0768059,0.0871103,0.07680980000000001,0.0730849,0.0749574,0.109249,0.125979
,,,,,,,,,,,,,,,,,,,,,,,,,,,,,,,,,,,,,,,,,,,,,,,,,,,,,,,,,,,,,,,,,,,,,,,,,,,,,,,,,,,,,,,,,,,,,,,,,,,
0.07118239999999999,0.0997166,0.09258730000000001,0.0811819,0.104921,0.0904066,0.0849572,0.07821689999999999,0.09927760000000001,0.08835080000000001,0.07346760000000001,0.07565369999999999,0.061857600000000006,0.0564755,0.0489578,0.0635866,0.0673517,0.0755745,0.10438299999999999,0.0906962,0.09375839999999999,0.12937200000000001,0.154324,0.12223800000000001,0.10686300000000001,0.0698057,0.06633610000000001,0.0998962,0.129768,0.1186,0.09320930000000001,0.081451,0.0871134,0.11803,0.180989,0.14711400000000002,0.162727,0.16558299999999998,0.11780299999999999,0.0927671,0.08809439999999999,0.0942593,0.08927769999999999,0.0737578,0.054105499999999994,0.07548160000000001,0.0923187,0.0810163,0.0838991,0.10475799999999999,0.111703,0.0763684,0.0950125,0.099159,0.142814,0.145647,0.107931,0.11532,0.121647,0.108626,0.115597,0.136035,0.140461,0.116406,0.169672,0.178635,0.129023,0.105352,0.0974653,0.0801546,0.0742467,0.06143490000000001,0.05252999999999999,0.0792125,0.11701099999999999,0.0979855,0.0896679,0.15295,0.0882237,0.0973093,0.11598199999999999,0.108222,0.107306,0.11195699999999999,0.09273010000000001,0.0697584,0.0848451,0.06115689999999999,0.106083,0.0527092,0.0861441,0.0669384,0.0554178,0.0524538,0.0983825,0.13046300000000002,0.039730699999999994,0.0358515,0.054662,0.0712949
0.0858867,0.07090139999999999,0.058869500000000005,0.0557557,0.066707,0.07248500000000001,0.0824281,0.129794,0.100392,0.0682951,0.0681818,0.08655239999999999,0.151579,0.123825,0.102958,0.101221,0.13551,0.13039800000000001,0.130197,0.133877,0.11844600000000001,0.12478199999999999,0.08404600000000001,0.0917911,0.10738900000000001,0.101238,0.12356199999999999,0.10728900000000001,0.126895,0.109696,0.12103199999999999,0.185497,0.19635,0.120182,0.12036199999999998,0.10851300000000001,0.13351300000000002,0.0916295,0.08257289999999999,0.10883,0.09502619999999999,0.0716016,0.0699985,0.0759195,0.0754552,0.0737986,0.06524540000000001,0.0474095,0.0483055,0.0515341,0.0529053,0.045616000000000004,0.07267330000000001,0.106254,0.13405899999999998,0.106832,0.0875003,0.0732692,0.08342050000000001,0.10713199999999999,0.112652,0.12373699999999999,0.144228,0.116539,0.139822,0.11142200000000001,0.105377,0.0895716,0.0937812,0.0955161,0.0926535,0.0913319,0.0837054,0.0785428,0.0668041,0.0645539,0.0720427,0.067826,0.0799233,0.0685008,0.0590078,0.070476,0.0730714,0.0814566,0.111099,0.121044,0.09037769999999999,0.0608341,0.0633422,0.06954289999999999,0.156872,0.14419300000000002,0.15945399999999998,0.125506,0.0987174,0.051089800000000005,0.0736453,0.06879969999999999,0.0795992,0.00569873
,,,,,,,,,,,,,,,,,,,,,,,,,,,,,,,,,,,,,,,,,,,,,,,,,,,,,,,,,,,,,,,,,,,,,,,,,,,,,,,,,,,,,,,,,,,,,,,,,,,
0.06592289999999999,0.0766169,0.108676,0.09591000000000001,0.0848337,0.0856823,0.0762276,0.10245,0.121781,0.11900999999999999,0.107847,0.126937,0.138352,0.14015899999999998,0.118077,0.079347,0.0622317,0.0506208,0.049763800000000004,0.045448800000000004,0.12057000000000001,0.113392,0.129272,0.142895,0.101316,0.109105,0.118487,0.133863,0.11513399999999999,0.0865367,0.0691075,0.062793,0.0662441,0.0839439,0.128333,0.07554580000000001,0.0875041,0.113783,0.108922,0.10407999999999999,0.0724695,0.0696648,0.0687898,0.08027310000000001,0.0632733,0.0801094,0.11098499999999999,0.0973704,0.0860598,0.0972619,0.107734,0.0995475,0.0739678,0.0643788,0.0644602,0.05877569999999999,0.07611649999999999,0.0802495,0.08519439999999999,0.08208639999999999,0.0777528,0.05403240000000001,0.05815940000000001,0.07775900000000001,0.0815494,0.10204500000000001,0.107189,0.08931389999999999,0.0887229,0.08401610000000001,0.12543900000000002,0.10105599999999999,0.0961471,0.117693,0.133936,0.17130399999999998,0.10826199999999998,0.11478599999999999,0.0897462,0.164296,0.10661400000000001,0.0971913,0.101546,0.116417,0.09399450000000001,0.07945269999999999,0.0821732,0.12283,0.112009,0.111075,0.086118,0.0859364,0.0868508,0.100352,0.0983254,0.0901907,0.0898695,0.08168639999999999,0.0929107,0.051756100000000006
0.08877769999999999,0.0848471,0.120869,0.0912089,0.0833725,0.10511400000000001,0.0716293,0.06571260000000001,0.099641,0.0738072,0.0632699,0.0909898,0.10081699999999999,0.09212050000000001,0.08095419999999999,0.0655139,0.07976280000000001,0.0735642,0.0657194,0.142815,0.163644,0.131383,0.143308,0.0914903,0.10488099999999999,0.0936504,0.126924,0.121466,0.09390180000000001,0.0980781,0.0724552,0.08238519999999999,0.0766824,0.0565999,0.0756319,0.0896714,0.10889700000000001,0.0968485,0.10888800000000001,0.0874157,0.0899242,0.08696,0.110822,0.118539,0.0977621,0.08074529999999999,0.0825369,0.08723969999999999,0.137823,0.148066,0.142627,0.113973,0.09003939999999999,0.09569580000000001,0.0737551,0.07957,0.0845879,0.0861377,0.11985,0.09346669999999999,0.0822179,0.0824716,0.09350089999999998,0.11281600000000001,0.0938258,0.0838534,0.0920959,0.10562,0.121635,0.134792,0.131026,0.11829400000000001,0.137944,0.13331099999999999,0.11423900000000001,0.0976506,0.0819735,0.08191210000000002,0.0915044,0.0832979,0.0846756,0.0994173,0.0976456,0.0990125,0.116674,0.103618,0.10443800000000002,0.0786794,0.0794291,0.058988099999999995,0.062029499999999994,0.09815789999999999,0.114072,0.0794576,0.117198,0.11906900000000001,0.09796189999999999,0.09113610000000001,0.101249,0.094581
,,,,,,,,,,,,,,,,,,,,,,,,,,,,,,,,,,,,,,,,,,,,,,,,,,,,,,,,,,,,,,,,,,,,,,,,,,,,,,,,,,,,,,,,,,,,,,,,,,,
0.0637031,0.0958584,0.0718456,0.0928102,0.111351,0.100589,0.102772,0.0914886,0.120387,0.0942148,0.11754300000000001,0.163551,0.148128,0.129126,0.122906,0.09379760000000001,0.199221,0.144553,0.120753,0.178228,0.185605,0.11480499999999999,0.0895789,0.0755378,0.0818164,0.11121400000000001,0.0827827,0.104923,0.12246300000000002,0.12594,0.0980818,0.0872648,0.107271,0.10831800000000001,0.103788,0.132118,0.10438199999999999,0.0797707,0.084449,0.0934975,0.102214,0.0862492,0.09161849999999999,0.109089,0.104297,0.07220599999999999,0.0910902,0.09448250000000001,0.07046480000000001,0.08600980000000001,0.0769248,0.0754779,0.0984364,0.0926227,0.104875,0.0681843,0.0874656,0.08924510000000001,0.0957571,0.10918900000000001,0.11148499999999999,0.100364,0.128806,0.134866,0.1094,0.10760499999999999,0.09429889999999999,0.125187,0.0911578,0.0804243,0.0850678,0.0913532,0.103252,0.08105010000000001,0.0778938,0.1009,0.105117,0.128162,0.0833576,0.0689993,0.0810508,0.0773272,0.0959222,0.06821060000000001,0.09803680000000001,0.08728910000000001,0.118843,0.0914852,0.0935767,0.0900906,0.060045,0.061630700000000004,0.04843,0.050295599999999996,0.0422471,0.04113630000000001,0.04208119999999999,0.050578,0.0671925,0.0841771
0.0,0.0,0.0,0.0,0.0,0.0,0.0,0.0,0.0,0.0,0.0,0.0,0.0,0.0,0.0,0.0,0.0,0.0,0.0,0.0,0.0,0.0,0.0,0.0,0.0,0.0,0.0,0.0,0.0,0.0,0.0,0.0,0.0,0.0,0.0,0.0,0.0,0.0,0.0,0.0,0.0,0.0,0.0,0.0,0.0,0.0,0.0,0.0,0.0,0.0,0.0,0.0,0.0,0.0,0.0,0.0,0.0,0.0,0.0,0.0,0.0,0.0,0.0,0.0,0.0,0.0,0.0,0.0,0.0,0.0,0.0,0.0,0.0,0.0,0.0,0.0,0.0,0.0,0.0,0.0,0.0,0.0,0.0,0.0,0.0,0.0,0.0,0.0,0.0,0.0,0.0,0.0,0.0,0.0,0.0,0.0,0.0,0.0,0.0,0.0
,,,,,,,,,,,,,,,,,,,,,,,,,,,,,,,,,,,,,,,,,,,,,,,,,,,,,,,,,,,,,,,,,,,,,,,,,,,,,,,,,,,,,,,,,,,,,,,,,,,
0.11241,0.0873794,0.105502,0.0733001,0.0985602,0.0762988,0.0899826,0.08440510000000001,0.060262699999999995,0.09896569999999999,0.0779307,0.0674363,0.0726303,0.07983589999999999,0.0928097,0.0802101,0.0820738,0.104065,0.092874,0.0724946,0.08321410000000001,0.07896900000000001,0.0874192,0.122723,0.101607,0.0991614,0.0923625,0.0780928,0.08389119999999999,0.06884630000000001,0.104994,0.11071600000000001,0.11760999999999999,0.0954036,0.09448430000000001,0.13150599999999998,0.11224500000000001,0.08046619999999999,0.0746221,0.0656528,0.09336330000000001,0.0995558,0.133719,0.120274,0.07491569999999999,0.07119639999999999,0.0681604,0.0711741,0.07245839999999999,0.09187730000000001,0.109226,0.06978530000000001,0.07281499999999999,0.055143,0.0977113,0.161674,0.134956,0.09793660000000001,0.102921,0.0884945,0.0911581,0.0947397,0.143793,0.122671,0.10608599999999999,0.0681657,0.0660322,0.0606059,0.06895269999999999,0.0516371,0.0648337,0.06058330000000001,0.062225699999999995,0.065176,0.0669637,0.0786201,0.0648024,0.07387660000000001,0.0942941,0.105083,0.107859,0.106655,0.08812110000000001,0.06574210000000001,0.11631099999999998,0.10409000000000002,0.0694349,0.0739122,0.07507749999999999,0.054386500000000004,0.0580534,0.084518,0.0508522,0.0585198,0.046582599999999995,0.049493800000000004,0.0750819,0.0628352,0.061580499999999996,0.06778680000000001
0.0,0.0,0.0,0.0,0.0,0.0,0.0,0.0,0.0,0.0,0.0,0.0,0.0,0.0,0.0,0.0,0.0,0.0,0.0,0.0,0.0,0.0,0.0,0.0,0.0,0.0,0.0,0.0,0.0,0.0,0.0,0.0,0.0,0.0,0.0,0.0,0.0,0.0,0.0,0.0,0.0,0.0,0.0,0.0,0.0,0.0,0.0,0.0,0.0,0.0,0.0,0.0,0.0,0.0,0.0,0.0,0.0,0.0,0.0,0.0,0.0,0.0,0.0,0.0,0.0,0.0,0.0,0.0,0.0,0.0,0.0,0.0,0.0,0.0,0.0,0.0,0.0,0.0,0.0,0.0,0.0,0.0,0.0,0.0,0.0,0.0,0.0,0.0,0.0,0.0,0.0,0.0,0.0,0.0,0.0,0.0,0.0,0.0,0.0,0.0361363
,,,,,,,,,,,,,,,,,,,,,,,,,,,,,,,,,,,,,,,,,,,,,,,,,,,,,,,,,,,,,,,,,,,,,,,,,,,,,,,,,,,,,,,,,,,,,,,,,,,
0.0715804,0.098406,0.10279400000000001,0.131251,0.0890028,0.172648,0.14929800000000001,0.0911778,0.12239100000000001,0.10935399999999999,0.0826869,0.10441600000000001,0.141794,0.14199900000000001,0.122745,0.138777,0.173443,0.173504,0.12252,0.14895799999999998,0.172122,0.148002,0.108649,0.127602,0.10533699999999999,0.0785411,0.06959589999999999,0.07055639999999999,0.06808339999999999,0.10497100000000001,0.140506,0.08552389999999999,0.0651454,0.0712551,0.0894408,0.114625,0.116971,0.0935427,0.107724,0.119146,0.136299,0.106652,0.0920947,0.144536,0.101702,0.12599100000000002,0.10604300000000001,0.161526,0.114918,0.103181,0.09130260000000001,0.10683699999999999,0.11375,0.119676,0.143425,0.125361,0.159504,0.110983,0.12297000000000001,0.095924,0.08437510000000001,0.104197,0.134242,0.129584,0.10609500000000001,0.101186,0.10314100000000001,0.10656700000000001,0.0945374,0.10251700000000001,0.11249100000000001,0.11029100000000001,0.06703989999999999,0.0605249,0.06896360000000001,0.078185,0.06610919999999999,0.0695846,0.0843384,0.103929,0.0893846,0.0833942,0.0943636,0.0718337,0.107374,0.0653237,0.0698955,0.0550288,0.0860917,0.07836760000000001,0.0663159,0.0814689,0.0739886,0.0773505,0.08143500000000001,0.0868918,0.06451849999999999,0.0640658,0.0581746,0.06264349999999999
0.0,0.0,0.0,0.0,0.0,0.0,0.0,0.0,0.0,0.0,0.0,0.0,0.0,0.0,0.0,0.0,0.0,0.0,0.0,0.0,0.0,0.0,0.0,0.0,0.0,0.0,0.0,0.0,0.0,0.0,0.0,0.0,0.0,0.0,0.0,0.0,0.0,0.0,0.0,0.0,0.0,0.0,0.0,0.0,0.0,0.0,0.0,0.0,0.0,0.0,0.0,0.0,0.0,0.0,0.0,0.0,0.0,0.0,0.0,0.0,0.0,0.0,0.0,0.0,0.0,0.0,0.0,0.0,0.0,0.0,0.0,0.0,0.0,0.0,0.0,0.0,0.0,0.0,0.0,0.0,0.0,0.0,0.0,0.0,0.0,0.0,0.0,0.0,0.0,0.0,0.0,0.0,0.0,0.0,0.0,0.0,0.0,0.0,0.0,0.0
,,,,,,,,,,,,,,,,,,,,,,,,,,,,,,,,,,,,,,,,,,,,,,,,,,,,,,,,,,,,,,,,,,,,,,,,,,,,,,,,,,,,,,,,,,,,,,,,,,,
0.113232,0.09905219999999999,0.10879000000000001,0.112647,0.0567876,0.0769587,0.0569726,0.06488200000000001,0.0417893,0.111344,0.08487710000000001,0.08568250000000001,0.121473,0.0757487,0.106581,0.0914361,0.10603800000000001,0.12384500000000001,0.160327,0.167707,0.200916,0.127956,0.0822821,0.09597280000000001,0.128473,0.134246,0.12015,0.138099,0.166512,0.131602,0.113997,0.0979492,0.09469960000000001,0.118532,0.12128699999999999,0.142452,0.1146,0.112577,0.10741600000000001,0.128128,0.102099,0.0628084,0.0780108,0.13389500000000001,0.119353,0.0936032,0.08526489999999999,0.09429119999999999,0.118452,0.135791,0.103682,0.07538969999999999,0.0975105,0.117296,0.11688,0.126824,0.09789969999999999,0.143862,0.10868199999999999,0.09366569999999999,0.0849954,0.0882487,0.0920335,0.119499,0.118297,0.100699,0.114059,0.119229,0.122123,0.125646,0.07932539999999999,0.08011410000000001,0.0728819,0.0545256,0.0682074,0.0769971,0.11742899999999999,0.0983706,0.123369,0.0853861,0.0732383,0.06551,0.0746472,0.0887732,0.106341,0.0980182,0.09369839999999999,0.060047500000000004,0.0822153,0.072244,0.07858839999999999,0.10794400000000001,0.12433699999999999,0.144455,0.0972902,0.07717819999999999,0.0871059,0.0776562,0.0796209,0.0929994
0.0798715,0.0989828,0.0566818,0.05963330000000001,0.0736737,0.12277,0.09928680000000001,0.0940737,0.0743641,0.098471,0.08589119999999999,0.0668951,0.0875908,0.08582089999999999,0.07204939999999999,0.0572752,0.07218150000000001,0.07895419999999999,0.0715486,0.0773007,0.0953718,0.100329,0.0752045,0.08517899999999999,0.059566499999999994,0.0739181,0.0608874,0.0694214,0.0653268,0.0845074,0.0753651,0.07190260000000001,0.0514168,0.0954113,0.046246499999999996,0.0352355,0.0673721,0.0673558,0.06975819999999999,0.0774555,0.07726369999999999,0.074519,0.0964541,0.0744431,0.0828887,0.0609678,0.112443,0.07326339999999999,0.0790842,0.0587109,0.08031,0.088892,0.0789255,0.106734,0.0756319,0.0774442,0.0766752,0.0741997,0.10524800000000001,0.11760799999999999,0.112817,0.0913066,0.10440899999999999,0.11810999999999999,0.080323,0.07641060000000001,0.0839748,0.07952050000000001,0.06924,0.10336600000000001,0.08902310000000001,0.0845899,0.08268350000000001,0.06566219999999999,0.0644042,0.05576849999999999,0.059944500000000005,0.061198300000000004,0.0632313,0.0705883,0.10169700000000001,0.128048,0.0721908,0.09791060000000001,0.147107,0.137734,0.124448,0.149315,0.116951,0.14657699999999999,0.13322,0.139023,0.08857489999999998,0.10747899999999999,0.0628388,0.11102100000000001,0.08881069999999999,0.106267,0.110555,0.14674600000000002
,,,,,,,,,,,,,,,,,,,,,,,,,,,,,,,,,,,,,,,,,,,,,,,,,,,,,,,,,,,,,,,,,,,,,,,,,,,,,,,,,,,,,,,,,,,,,,,,,,,
0.0,0.0,0.0,0.0,0.0,0.0,0.0,0.0,0.0,0.0,0.0,0.0,0.0,0.0,0.0,0.0919547,0.10708499999999999,0.0999089,0.0883359,0.104235,0.08939580000000001,0.107938,0.102959,0.0878407,0.110848,0.118817,0.102245,0.144621,0.128913,0.142983,0.140566,0.132606,0.0978289,0.072685,0.109153,0.08560889999999999,0.0955714,0.0842847,0.100967,0.131965,0.118497,0.0993725,0.105814,0.0809967,0.08154,0.0951607,0.110773,0.0893639,0.0778609,0.0726156,0.0854634,0.10448299999999999,0.08734960000000001,0.0753771,0.107174,0.155468,0.137129,0.13736500000000001,0.109651,0.127608,0.123082,0.103881,0.0958711,0.0977989,0.139498,0.169888,0.173057,0.15523,0.152333,0.1014,0.08930880000000001,0.0947608,0.11556500000000001,0.08138519999999999,0.07857410000000001,0.06397219999999999,0.0831722,0.107048,0.100337,0.0956408,0.0889713,0.0675477,0.07151030000000001,0.0500194,0.0863423,0.0752456,0.057494100000000006,0.05805419999999999,0.0472124,0.0496881,0.0627326,0.0484744,0.0632426,0.052842499999999994,0.0543761,0.0366459,0.0605159,0.06581580000000001,0.0546725,0.0726146
0.0652337,0.05222140000000001,0.08878480000000001,0.0938614,0.09824110000000001,0.0797688,0.10567599999999999,0.149025,0.13943699999999998,0.21022600000000002,0.135892,0.130994,0.06688200000000001,0.0844841,0.0840387,0.0955633,0.0838693,0.10336,0.10157200000000001,0.0820153,0.10526700000000001,0.153937,0.121236,0.102746,0.08232389999999999,0.0710313,0.0649398,0.063401,0.0644552,0.08957489999999999,0.11970399999999999,0.142515,0.21108400000000002,0.186123,0.202708,0.124069,0.126645,0.08295219999999999,0.0774829,0.09421089999999999,0.0736031,0.0847768,0.0696049,0.0563288,0.0543586,0.096946,0.144308,0.0580814,0.06751739999999999,0.062301199999999994,0.061248699999999996,0.0805067,0.0845158,0.109009,0.09365169999999999,0.0672729,0.06487269999999999,0.06688839999999999,0.0846193,0.0640685,0.0807528,0.079128,0.0897284,0.06933969999999999,0.06846469999999999,0.0647057,0.05848,0.0519763,0.0711784,0.126564,0.09140269999999999,0.0953766,0.07938839999999998,0.13171,0.096443,0.08239819999999999,0.0711021,0.0612746,0.0982469,0.0980032,0.12713,0.15161,0.11143,0.0780425,0.0685466,0.0982431,0.0963275,0.09354760000000001,0.0869635,0.106745,0.18268099999999998,0.182724,0.0879676,0.0829315,0.07129810000000002,0.0891943,0.0245945,0.08251280000000001,0.0749122,0.11423399999999999
,,,,,,,,,,,,,,,,,,,,,,,,,,,,,,,,,,,,,,,,,,,,,,,,,,,,,,,,,,,,,,,,,,,,,,,,,,,,,,,,,,,,,,,,,,,,,,,,,,,
0.0954118,0.15021500000000002,0.193661,0.171812,0.165419,0.127599,0.130314,0.08547869999999999,0.13795,0.103051,0.0803365,0.07785510000000001,0.07327539999999999,0.11169000000000001,0.152193,0.104871,0.132981,0.17896800000000002,0.12291300000000001,0.13643,0.11785799999999999,0.14593,0.16124000000000002,0.133348,0.08494,0.101531,0.127139,0.146109,0.12859600000000002,0.11296800000000001,0.157136,0.12046199999999999,0.08794289999999999,0.096961,0.12052,0.1276,0.141413,0.218034,0.119323,0.136731,0.12430699999999999,0.129046,0.112305,0.0920732,0.08119370000000001,0.0818068,0.0763002,0.0768242,0.101123,0.101728,0.0773534,0.117995,0.126951,0.126523,0.133965,0.146592,0.156905,0.13177,0.140954,0.131458,0.164345,0.165819,0.12446700000000001,0.120619,0.143976,0.113702,0.110225,0.08223530000000001,0.108049,0.08684789999999999,0.051670100000000004,0.0944897,0.11463399999999999,0.08024110000000001,0.0786288,0.0874679,0.08129810000000001,0.07844939999999999,0.104223,0.093662,0.07639960000000001,0.0502241,0.0684676,0.064098,0.07691,0.10120599999999999,0.11599999999999999,0.0975918,0.0710298,0.0574556,0.06596260000000001,0.0692507,0.055626999999999996,0.05646709999999999,0.0722367,0.0492548,0.0669089,0.08914580000000001,0.0632576,0.05715169999999999
0.10693499999999999,0.11303800000000001,0.11090499999999999,0.0870858,0.103585,0.12018699999999999,0.12471099999999999,0.11601099999999999,0.117684,0.08441119999999999,0.0836532,0.0937241,0.0829198,0.07613560000000001,0.0798556,0.0950752,0.11121700000000001,0.119274,0.11690299999999999,0.07745310000000001,0.0972054,0.0894381,0.11878399999999999,0.0815732,0.0746181,0.06551019999999999,0.06809810000000001,0.0545561,0.058160699999999996,0.0708275,0.0600717,0.09070299999999999,0.0728826,0.0849949,0.0874188,0.0845,0.0693327,0.0698255,0.07007460000000001,0.060738400000000005,0.053686000000000005,0.0691336,0.054984500000000006,0.0697958,0.06826010000000002,0.0703364,0.06916950000000001,0.0626498,0.0688368,0.0820733,0.07490110000000001,0.06687749999999999,0.0930434,0.0976718,0.08606660000000001,0.0626356,0.0698643,0.09848760000000001,0.0720678,0.10723800000000001,0.135494,0.10556700000000001,0.0717878,0.0553322,0.07055750000000001,0.053626099999999996,0.06573810000000001,0.0569121,0.0848961,0.10908599999999999,0.054266199999999994,0.0489269,0.047042900000000006,0.0958307,0.07071310000000001,0.08079510000000001,0.0686659,0.0692432,0.16151600000000002,0.081295,0.09500410000000001,0.08485980000000001,0.0837711,0.08944260000000001,0.09351989999999999,0.09210549999999999,0.0674546,0.0548753,0.0894255,0.09706410000000001,0.0987948,0.128321,0.0655403,0.0991765,0.10716600000000001,0.0915559,0.07655819999999999,0.0893466,0.06011180000000001,0.0599779
,,,,,,,,,,,,,,,,,,,,,,,,,,,,,,,,,,,,,,,,,,,,,,,,,,,,,,,,,,,,,,,,,,,,,,,,,,,,,,,,,,,,,,,,,,,,,,,,,,,
0.117381,0.115631,0.106894,0.08097230000000001,0.07210319999999999,0.11786700000000001,0.19487100000000002,0.142959,0.11193399999999999,0.0923085,0.0922346,0.0909818,0.07896410000000001,0.0702451,0.0705901,0.073979,0.0722947,0.09683810000000001,0.118308,0.123734,0.114755,0.08417739999999999,0.0880985,0.11589200000000001,0.117275,0.0820785,0.139226,0.132099,0.113749,0.11002100000000001,0.12051600000000001,0.108902,0.09875779999999999,0.10154400000000001,0.131473,0.08450010000000001,0.06793160000000001,0.07417589999999999,0.0999444,0.10788699999999998,0.117506,0.0917659,0.0840464,0.118521,0.10479400000000001,0.0817201,0.0918471,0.0922334,0.08229860000000001,0.0863971,0.11098800000000002,0.0846058,0.08113739999999998,0.0753237,0.0801955,0.0894067,0.0794605,0.166279,0.138951,0.118414,0.10868,0.09065169999999999,0.0564293,0.07452,0.06850210000000001,0.0736985,0.07345639999999999,0.104236,0.08846439999999998,0.09360249999999999,0.0849577,0.0700771,0.0804357,0.0647175,0.060851699999999995,0.0640725,0.06236900000000001,0.0604489,0.065237,0.060301,0.0541896,0.048195999999999996,0.07637050000000001,0.069303,0.054420800000000005,0.0604923,0.050119800000000006,0.04593819999999999,0.0501444,0.0604928,0.113001,0.107102,0.0681571,0.0626346,0.0563394,0.0550691,0.07142810000000001,0.0851775,0.06737130000000001,0.06578250000000001
0.0796157,0.0762823,0.0686177,0.0753953,0.0965281,0.08681710000000001,0.0784176,0.0691528,0.0706977,0.07872269999999999,0.0567475,0.059108100000000004,0.06393360000000001,0.06832819999999999,0.07414889999999999,0.0655056,0.08556110000000001,0.0761042,0.074808,0.075124,0.0549736,0.0912768,0.06656039999999999,0.0839725,0.06015740000000001,0.0649931,0.0997331,0.115531,0.0734211,0.066712,0.061664199999999995,0.10103200000000001,0.11195899999999999,0.0917445,0.09066010000000001,0.0927375,0.0607418,0.0722015,0.08652910000000001,0.115158,0.10222200000000001,0.11253800000000001,0.0935808,0.108981,0.0883346,0.0748428,0.098799,0.11468199999999999,0.11913699999999999,0.0984462,0.104324,0.115525,0.14130399999999999,0.148002,0.12409400000000001,0.0673617,0.0730706,0.109141,0.12639,0.0931232,0.085684,0.06619910000000001,0.11062000000000001,0.11175399999999999,0.0937186,0.0893933,0.0993077,0.08036389999999999,0.0804638,0.09080419999999999,0.07405969999999999,0.10710599999999999,0.0882785,0.0877411,0.0890897,0.0831778,0.0874284,0.0959452,0.07643319999999999,0.09677260000000001,0.0911576,0.131663,0.123634,0.09770930000000001,0.0860025,0.0911301,0.133829,0.141202,0.131219,0.127632,0.133987,0.133239,0.125927,0.14741400000000002,0.130017,0.145103,0.101806,0.134955,0.118055,0.115677
,,,,,,,,,,,,,,,,,,,,,,,,,,,,,,,,,,,,,,,,,,,,,,,,,,,,,,,,,,,,,,,,,,,,,,,,,,,,,,,,,,,,,,,,,,,,,,,,,,,
0.0776545,0.104852,0.0963324,0.0723193,0.0694801,0.0759677,0.152099,0.179595,0.14088299999999998,0.11652799999999999,0.152035,0.114632,0.124748,0.125107,0.0969703,0.09081389999999999,0.0799105,0.0940083,0.12103299999999999,0.107553,0.10541099999999999,0.127225,0.09803619999999999,0.10590899999999999,0.11205699999999999,0.129173,0.0939554,0.122878,0.12503699999999998,0.11438399999999999,0.11051099999999998,0.132242,0.07715280000000001,0.106397,0.12431199999999999,0.10792,0.100341,0.100547,0.109109,0.11736500000000001,0.10903199999999999,0.09078480000000001,0.0852725,0.10551600000000001,0.0879236,0.126355,0.159725,0.0962692,0.0511506,0.0636268,0.107303,0.116425,0.102281,0.09452680000000001,0.0826576,0.0817809,0.117737,0.11013800000000001,0.140985,0.11741700000000001,0.0954962,0.0978289,0.102495,0.08257010000000001,0.0731352,0.0774423,0.10076900000000001,0.0993388,0.125063,0.121698,0.118653,0.0923226,0.0954166,0.0990489,0.0745591,0.07732660000000001,0.0851008,0.0809313,0.079774,0.0790592,0.0529695,0.07535510000000001,0.068857,0.0650212,0.08123330000000001,0.0825169,0.0647754,0.0510226,0.0760633,0.08077419999999999,0.0687822,0.0476598,0.10192999999999999,0.0877034,0.07284439999999999,0.08465700000000001,0.0898693,0.081126,0.0855511,0.0773931
0.05870209999999999,0.0585703,0.042827699999999996,0.0504103,0.0587499,0.042563199999999995,0.056954700000000004,0.05495459999999999,0.0612243,0.0659716,0.06472130000000001,0.0532515,0.0725092,0.0575904,0.0575573,0.0544563,0.06790089999999999,0.0810778,0.06867050000000001,0.0766411,0.108516,0.0993088,0.0987989,0.11004100000000001,0.10045499999999999,0.12311,0.128216,0.0817552,0.10738900000000001,0.127441,0.127966,0.08307569999999999,0.10612,0.0838299,0.118718,0.107858,0.10046000000000001,0.0701288,0.0785284,0.0927894,0.106603,0.0930628,0.115752,0.0919392,0.057098199999999995,0.09872769999999999,0.103049,0.122635,0.161688,0.10825,0.0949492,0.0867001,0.122646,0.0956914,0.08727819999999999,0.0831651,0.058524400000000004,0.07351,0.101549,0.0981982,0.130053,0.08256110000000001,0.0930689,0.164122,0.174626,0.19431199999999998,0.122454,0.12478099999999999,0.168276,0.146533,0.10611199999999998,0.129795,0.187827,0.140232,0.098298,0.100957,0.107482,0.0991005,0.12168499999999999,0.129643,0.10812000000000001,0.116749,0.0972907,0.07496230000000001,0.07086680000000001,0.06473380000000001,0.05744640000000001,0.0900611,0.06930599999999999,0.0626648,0.054647,0.0791794,0.104059,0.08894819999999999,0.117681,0.09870330000000001,0.08292569999999999,0.0566985,0.0452181,0.0474686
,,,,,,,,,,,,,,,,,,,,,,,,,,,,,,,,,,,,,,,,,,,,,,,,,,,,,,,,,,,,,,,,,,,,,,,,,,,,,,,,,,,,,,,,,,,,,,,,,,,
0.10616300000000001,0.0851718,0.10353499999999999,0.0762696,0.07299939999999999,0.10309700000000001,0.06709069999999999,0.0653909,0.0866177,0.10755999999999999,0.07728360000000001,0.0936508,0.0830305,0.06125409999999999,0.0751038,0.0973967,0.0841823,0.07018619999999999,0.057992499999999995,0.0530355,0.0581209,0.0902084,0.0632532,0.0955178,0.11730299999999999,0.0872762,0.0982319,0.117447,0.083237,0.0921844,0.0733556,0.0735577,0.176923,0.187336,0.111678,0.128392,0.101367,0.0980776,0.10916300000000001,0.0949452,0.09933489999999999,0.143494,0.11643800000000001,0.12605999999999998,0.147542,0.11197,0.154668,0.10424000000000001,0.0888633,0.0983357,0.131552,0.141677,0.133046,0.13526,0.172217,0.155909,0.166124,0.106992,0.103198,0.105582,0.0728374,0.09415130000000001,0.07842350000000001,0.08582519999999999,0.10958,0.09942949999999999,0.06675189999999999,0.08093260000000001,0.10079099999999999,0.109036,0.13048099999999999,0.11738499999999999,0.13632,0.130399,0.134642,0.130696,0.13198800000000002,0.103749,0.106753,0.09224299999999999,0.0992663,0.104851,0.0875226,0.11311099999999999,0.148234,0.110446,0.09188660000000001,0.0712986,0.0774752,0.08116749999999999,0.062395900000000004,0.06857250000000001,0.0804357,0.0893804,0.0557109,0.05212959999999999,0.0459333,0.0571408,0.0450644,0.06708810000000001
0.0904382,0.10144700000000001,0.101117,0.07210470000000001,0.095827,0.10774,0.06985930000000001,0.09679750000000001,0.0741819,0.0901037,0.117282,0.12221199999999999,0.121326,0.139807,0.106522,0.11248,0.09425839999999999,0.0842424,0.0820755,0.06851449999999999,0.11886500000000001,0.0874559,0.0723742,0.09987180000000001,0.13030999999999998,0.10965699999999999,0.125371,0.10628599999999999,0.09745319999999999,0.0954399,0.0988466,0.0818973,0.06829249999999999,0.0723407,0.0696658,0.07778049999999999,0.0780986,0.0716238,0.0705064,0.0877905,0.116499,0.163576,0.120822,0.11321700000000001,0.0893012,0.0822678,0.104833,0.0780426,0.0850947,0.07657539999999999,0.0563289,0.111627,0.141078,0.10326700000000001,0.114699,0.147749,0.103689,0.11084200000000001,0.0983913,0.0957005,0.097764,0.09753099999999999,0.0947442,0.0851921,0.073869,0.091988,0.0830077,0.07887899999999999,0.07775689999999999,0.0611525,0.09185639999999999,0.106842,0.08903810000000001,0.0897282,0.0722552,0.057345400000000005,0.0520145,0.0694569,0.11201199999999999,0.121029,0.07604780000000001,0.10373099999999999,0.12221900000000001,0.13229000000000002,0.0817041,0.0851002,0.0703925,0.0854544,0.043026999999999996,0.0426962,0.051876099999999994,0.0510097,0.041086000000000004,0.050507300000000005,0.045929199999999996,0.0394789,0.0490911,0.08363910000000001,0.08396210000000001,0.09996360000000001
,,,,,,,,,,,,,,,,,,,,,,,,,,,,,,,,,,,,,,,,,,,,,,,,,,,,,,,,,,,,,,,,,,,,,,,,,,,,,,,,,,,,,,,,,,,,,,,,,,,
0.09704860000000001,0.044499199999999996,0.06730449999999999,0.11784700000000001,0.10305999999999998,0.137457,0.098207,0.0929048,0.0722418,0.11120999999999999,0.123448,0.132577,0.154589,0.143359,0.14818499999999998,0.143835,0.11520899999999999,0.106099,0.10472100000000001,0.107972,0.09983489999999999,0.125187,0.111053,0.090077,0.09209769999999999,0.0858026,0.104288,0.10666700000000001,0.0992291,0.0818051,0.121726,0.127472,0.113192,0.10470399999999999,0.104025,0.081055,0.0780194,0.096157,0.10803299999999999,0.0855581,0.08857430000000001,0.0820145,0.104157,0.10391700000000001,0.121001,0.141226,0.123733,0.0812967,0.0693638,0.08757410000000002,0.0987444,0.048214099999999996,0.0478948,0.05604259999999999,0.09582819999999999,0.10491199999999999,0.0734604,0.0918938,0.0710598,0.0778515,0.0831072,0.0523721,0.08242630000000001,0.07679169999999999,0.10833499999999999,0.114837,0.117934,0.10528900000000001,0.0760565,0.0500536,0.0646026,0.059081600000000005,0.0647751,0.06332869999999999,0.0720958,0.0644875,0.0663575,0.0576697,0.0549413,0.0663268,0.056424699999999994,0.05726559999999999,0.08087799999999999,0.10723099999999999,0.0711325,0.0474712,0.056113300000000005,0.0499949,0.0521262,0.038114800000000004,0.0405802,0.043604199999999996,0.0547367,0.08606649999999999,0.0401237,0.07254630000000001,0.061748300000000006,0.0850047,0.0776157,0.0663194
0.0,0.0,0.0,0.0,0.0,0.0,0.0,0.0,0.0,0.0,0.0,0.0,0.0,0.0,0.0,0.0,0.0,0.0,0.0,0.0,0.0,0.0,0.0,0.0,0.0,0.0,0.0,0.0,0.0,0.0,0.0,0.0,0.0,0.0,0.0,0.0,0.0,0.0,0.0,0.0,0.0,0.0,0.0,0.0,0.0,0.00209901,0.0396038,0.0581021,0.0188887,0.00294311,0.0590716,0.028351400000000002,0.07135470000000001,0.0303975,0.0636467,0.0449161,0.036632,0.0682215,0.0226842,0.0975674,0.018697799999999997,0.0733654,0.1127,0.06555010000000001,0.0820588,0.0579884,0.0,0.0321427,0.049293199999999995,0.0573534,0.0280813,0.0612188,0.0202202,0.0,0.0370749,0.127116,0.033854699999999995,0.15766,0.0614337,0.0996312,0.113497,0.0791062,0.042080900000000004,0.11153800000000001,0.03217709999999999,0.0882841,0.00366976,0.044278,0.0799232,0.07725800000000001,0.056962900000000004,0.0572549,0.0578018,0.0242699,0.0299392,0.101597,0.0866145,0.06663089999999999,0.025982099999999998,0.0
,,,,,,,,,,,,,,,,,,,,,,,,,,,,,,,,,,,,,,,,,,,,,,,,,,,,,,,,,,,,,,,,,,,,,,,,,,,,,,,,,,,,,,,,,,,,,,,,,,,
0.0692562,0.0961867,0.109297,0.0894952,0.0995558,0.114579,0.116629,0.0909869,0.0867318,0.0955632,0.0992969,0.0991929,0.12074100000000001,0.0919437,0.09135839999999999,0.0843612,0.0727026,0.06727310000000002,0.0586876,0.06257130000000001,0.0634302,0.0646322,0.0565038,0.0638198,0.053040199999999996,0.059037,0.0640187,0.07568889999999999,0.06301609999999999,0.065125,0.0538006,0.0449188,0.0504471,0.0532754,0.053650199999999995,0.05527130000000001,0.0899065,0.09082960000000001,0.059187699999999996,0.08713660000000001,0.0759293,0.08899220000000001,0.0581763,0.0675596,0.0757702,0.0800992,0.0899077,0.11889200000000001,0.07452439999999999,0.08215889999999999,0.052545,0.052799599999999995,0.0582029,0.0733304,0.06714060000000001,0.096597,0.06826689999999999,0.0758133,0.11576800000000001,0.0784742,0.0912251,0.0883516,0.081212,0.0686571,0.0744707,0.0680878,0.06309930000000001,0.0893105,0.09020410000000001,0.0844093,0.07501369999999999,0.0835592,0.0818701,0.053570400000000004,0.0502398,0.057544399999999996,0.054533000000000005,0.0720687,0.0837561,0.0473355,0.054840999999999994,0.048529699999999995,0.052961699999999994,0.05015,0.05245930000000001,0.0475355,0.042513300000000004,0.0357086,0.0718824,0.0524737,0.058913099999999996,0.057320800000000005,0.0635957,0.079514,0.0442717,0.0508344,0.054242,0.07120549999999999,0.0820349,0.10285699999999999
0.0,0.0,0.0,0.0,0.0,0.0,0.0,0.0,0.0,0.0,0.0,0.0,0.0,0.0,0.0,0.0,0.0,0.0,0.0,0.0,0.0,0.0,0.0,0.0,0.0,0.0,0.0,0.0,0.0,0.0,0.0,0.0,0.0,0.0,0.0,0.0,0.0,0.0,0.0,0.0,0.0,0.0,0.0,0.0,0.0,0.0,0.0,0.0,0.0,0.0,0.0,0.0,0.0,0.0,0.0,0.0,0.0,0.0,0.0,0.0,0.0,0.0,0.0,0.0,0.0,0.0,0.0,0.0,0.0,0.0,0.0,0.0,0.0,0.0,0.0,0.0,0.0213529,0.10356300000000002,0.0588961,0.0496207,0.0410247,0.0581132,0.0976043,0.047723400000000006,0.050638300000000004,0.034653500000000004,0.11088800000000001,0.0612585,0.10434500000000001,0.0433718,0.0,0.034100099999999994,0.0354921,0.039911,0.0110041,0.0,0.00557612,0.0,0.0,0.0
,,,,,,,,,,,,,,,,,,,,,,,,,,,,,,,,,,,,,,,,,,,,,,,,,,,,,,,,,,,,,,,,,,,,,,,,,,,,,,,,,,,,,,,,,,,,,,,,,,,
0.07933630000000001,0.07018239999999999,0.0690553,0.0762076,0.0858384,0.11545799999999999,0.0835971,0.0887093,0.07419869999999999,0.11346400000000001,0.0932045,0.117862,0.0861766,0.0876092,0.128146,0.08443710000000001,0.07070599999999999,0.0669665,0.09258960000000001,0.0976894,0.08453510000000002,0.105053,0.0676272,0.0646888,0.0631684,0.057447500000000006,0.0631985,0.0697589,0.085811,0.0699348,0.0618528,0.10886900000000001,0.13916800000000001,0.140353,0.128947,0.119701,0.11135899999999999,0.11476099999999999,0.133899,0.0940758,0.12201400000000001,0.132027,0.0970971,0.09376330000000001,0.109792,0.0690104,0.0714748,0.0728828,0.042872,0.050874699999999995,0.0572689,0.061747800000000005,0.0567278,0.0751198,0.0880447,0.09242739999999999,0.0788692,0.0825482,0.061479,0.0640197,0.0849824,0.0997653,0.0892558,0.114941,0.0868033,0.08386569999999999,0.0884819,0.10979100000000001,0.117711,0.109509,0.0961289,0.109475,0.09598639999999999,0.109617,0.08691979999999999,0.0756114,0.0531322,0.06411669999999998,0.0712685,0.05273150000000001,0.0443341,0.0556759,0.0500884,0.07506489999999999,0.06697489999999999,0.0534168,0.05908290000000001,0.0456973,0.0407805,0.0495821,0.0517514,0.0383782,0.0355551,0.035031900000000005,0.0416105,0.040992400000000005,0.0636064,0.0772406,0.10093300000000001,0.10854000000000001
0.06990779999999999,0.0691553,0.066272,0.07667289999999999,0.0874303,0.08697610000000001,0.06516,0.0635645,0.0506839,0.0644274,0.106082,0.100103,0.0672653,0.102164,0.0820363,0.0815905,0.0848778,0.0955946,0.08868530000000001,0.10297,0.158144,0.12238800000000001,0.10581900000000001,0.0990889,0.0824016,0.059539199999999994,0.0802778,0.0873546,0.0949882,0.0935026,0.0670484,0.0956408,0.0961312,0.0823454,0.0726845,0.0829618,0.06753139999999999,0.107299,0.11698599999999999,0.0833441,0.0822015,0.08726010000000001,0.094462,0.103405,0.10339300000000001,0.08374069999999999,0.0898544,0.06963760000000001,0.096203,0.07924550000000001,0.106976,0.0712825,0.0841306,0.12133800000000002,0.10929100000000001,0.14121,0.140688,0.151841,0.150866,0.141593,0.110475,0.10570399999999999,0.105977,0.136522,0.106304,0.14115,0.09703099999999999,0.109953,0.09324450000000001,0.119871,0.10643499999999999,0.112694,0.080612,0.0840916,0.0806543,0.0869671,0.0905026,0.0900615,0.0886314,0.11213499999999998,0.165011,0.141794,0.070822,0.09423139999999999,0.0784068,0.0793253,0.08870239999999999,0.092192,0.104429,0.108233,0.07537560000000001,0.06528300000000001,0.09284939999999998,0.10393,0.06476409999999999,0.0665152,0.0878157,0.08834,0.08280560000000001,0.0849803
,,,,,,,,,,,,,,,,,,,,,,,,,,,,,,,,,,,,,,,,,,,,,,,,,,,,,,,,,,,,,,,,,,,,,,,,,,,,,,,,,,,,,,,,,,,,,,,,,,,
0.08562230000000001,0.056260500000000005,0.0746642,0.0934168,0.09636439999999999,0.12315699999999999,0.0945793,0.119322,0.07855430000000001,0.0650888,0.0781256,0.0800971,0.100312,0.11581099999999998,0.08700210000000001,0.0781408,0.0991202,0.09760049999999999,0.11805399999999999,0.187349,0.125391,0.105091,0.103895,0.10923599999999999,0.116997,0.137087,0.141533,0.11375899999999999,0.1052,0.0904891,0.0999415,0.0757005,0.08018810000000001,0.0970403,0.10054199999999999,0.09486499999999999,0.0854069,0.101376,0.0977744,0.104448,0.12165799999999999,0.130855,0.11383199999999999,0.10566400000000001,0.0877671,0.105728,0.130437,0.108769,0.0677834,0.0673842,0.09133519999999999,0.130528,0.10712999999999999,0.102012,0.0984632,0.0841626,0.08400679999999999,0.08107139999999999,0.0869683,0.0953654,0.116888,0.14967,0.0931053,0.111729,0.11401099999999999,0.0776433,0.0812572,0.06903,0.0710398,0.07511319999999999,0.0869458,0.11168299999999999,0.173237,0.107525,0.0838253,0.105295,0.10266099999999999,0.08060060000000001,0.0770038,0.0960348,0.0873015,0.104869,0.10729200000000001,0.142056,0.142456,0.101714,0.128799,0.107499,0.09761399999999999,0.08178099999999999,0.0935441,0.09093630000000001,0.0799276,0.07610689999999999,0.07370850000000001,0.0847342,0.0717318,0.09893980000000001,0.10978099999999999,0.100297
0.117651,0.07306489999999999,0.08575110000000001,0.07310119999999999,0.08369839999999999,0.0748252,0.0822434,0.036118300000000006,0.06941649999999999,0.07071219999999999,0.0609452,0.0570335,0.0373973,0.0498724,0.0562187,0.0275842,0.032829000000000004,0.0518188,0.055951999999999995,0.081088,0.059894,0.0461318,0.0459538,0.0555752,0.0502698,0.060460400000000004,0.0664482,0.112286,0.0894231,0.058712,0.0612278,0.07993760000000001,0.0848368,0.0627135,0.0831112,0.0804411,0.0823497,0.120717,0.0822822,0.0745962,0.07726310000000002,0.0742254,0.09338610000000001,0.056308800000000006,0.053900800000000006,0.057316099999999995,0.07873730000000001,0.123153,0.0985855,0.162742,0.150429,0.0973974,0.09883739999999999,0.08075700000000001,0.0908705,0.0941463,0.0934301,0.0687951,0.07498769999999999,0.0618414,0.04606319999999999,0.05767130000000001,0.058217899999999996,0.0895427,0.10182999999999999,0.0638485,0.05354830000000001,0.050638699999999995,0.0646013,0.058909300000000005,0.0568009,0.06499930000000001,0.06707350000000001,0.0651265,0.08106410000000001,0.07792719999999999,0.0745523,0.08875599999999999,0.0641663,0.072263,0.0980972,0.117879,0.11976400000000001,0.098885,0.0806341,0.0943187,0.129576,0.124294,0.0950778,0.0686366,0.06545219999999999,0.063042,0.08217619999999999,0.06852960000000001,0.0573219,0.0605049,0.0670985,0.0852383,0.0864275,0.09018580000000001
,,,,,,,,,,,,,,,,,,,,,,,,,,,,,,,,,,,,,,,,,,,,,,,,,,,,,,,,,,,,,,,,,,,,,,,,,,,,,,,,,,,,,,,,,,,,,,,,,,,
0.08897139999999999,0.101391,0.108615,0.103907,0.0845748,0.053609000000000004,0.07233939999999998,0.0811665,0.0629295,0.06892469999999999,0.07272089999999999,0.104956,0.084879,0.0806558,0.0876128,0.0898597,0.07500570000000001,0.10068200000000001,0.101296,0.11668099999999999,0.10469500000000001,0.0979033,0.10559500000000001,0.116979,0.0764507,0.0982869,0.09946110000000001,0.07712410000000001,0.0698804,0.06653919999999999,0.097623,0.09643099999999999,0.07756260000000001,0.10907,0.103834,0.0786492,0.0935427,0.0904593,0.09886560000000001,0.0971148,0.0997013,0.107404,0.102903,0.101898,0.08208839999999999,0.07647469999999999,0.06823489999999999,0.07181010000000002,0.091465,0.0794065,0.0937537,0.1188,0.08265460000000001,0.08330499999999999,0.113527,0.13552999999999998,0.0906145,0.0646511,0.0783788,0.07429960000000001,0.0658148,0.0681226,0.100719,0.116586,0.0744066,0.0786569,0.10923699999999999,0.126182,0.113981,0.0891648,0.103076,0.120904,0.104678,0.095461,0.080201,0.0580235,0.0636496,0.08684700000000001,0.05883769999999999,0.0537452,0.06456390000000001,0.0779745,0.07912860000000001,0.0561442,0.0936057,0.0857306,0.061849699999999994,0.0951057,0.09488610000000001,0.07334550000000001,0.07493949999999999,0.0616594,0.0620067,0.103524,0.12331500000000001,0.080741,0.07911069999999999,0.0826058,0.0700554,0.0755431
0.0859132,0.0442017,0.0517485,0.0633066,0.056662,0.048498400000000004,0.0653821,0.068386,0.0507897,0.0591575,0.0585325,0.046474699999999994,0.0281685,0.04184330000000001,0.04360069999999999,0.0605238,0.0368799,0.0482568,0.0448184,0.055423599999999996,0.0410131,0.0669701,0.0637262,0.056934000000000005,0.0494986,0.0474358,0.0592311,0.054648,0.054980999999999995,0.0745859,0.0652581,0.0779443,0.0732259,0.08025460000000001,0.0595778,0.0705568,0.059804199999999995,0.060383900000000004,0.07139329999999999,0.051971800000000005,0.0564008,0.055259,0.0472644,0.0510658,0.057786800000000006,0.0564821,0.07995160000000001,0.057965300000000004,0.0623422,0.0544178,0.0566038,0.07322530000000001,0.072865,0.0725307,0.0593508,0.0637495,0.05809630000000001,0.0558135,0.05975509999999999,0.05602909999999999,0.0612076,0.0606922,0.0627863,0.059705499999999995,0.061864499999999996,0.06530470000000001,0.09454320000000001,0.157416,0.111197,0.0913402,0.108405,0.120217,0.0956534,0.067745,0.0760819,0.0866567,0.0635602,0.07589910000000001,0.10293,0.10666800000000001,0.138729,0.13497699999999999,0.11073699999999999,0.0828069,0.0976489,0.0791145,0.073296,0.079057,0.104627,0.0819161,0.10526700000000001,0.0932818,0.0966516,0.10079099999999999,0.137006,0.117601,0.118104,0.07426289999999999,0.07894019999999999,0.046554000000000005
,,,,,,,,,,,,,,,,,,,,,,,,,,,,,,,,,,,,,,,,,,,,,,,,,,,,,,,,,,,,,,,,,,,,,,,,,,,,,,,,,,,,,,,,,,,,,,,,,,,
0.09593310000000001,0.11884000000000002,0.09601989999999999,0.101106,0.0998434,0.07458660000000002,0.079558,0.135908,0.107178,0.0744387,0.13359200000000002,0.113855,0.100618,0.11319000000000001,0.09589310000000001,0.10244600000000001,0.110023,0.09363719999999999,0.11005,0.08147080000000001,0.134934,0.102026,0.0975044,0.11209300000000001,0.0939148,0.0661652,0.0653599,0.102199,0.164827,0.124732,0.11336700000000001,0.120655,0.179785,0.127364,0.0948165,0.102974,0.0991436,0.0827922,0.0724595,0.101908,0.09146900000000001,0.0755454,0.09323680000000001,0.147455,0.09954860000000001,0.09122949999999999,0.0847435,0.0978129,0.072256,0.09288389999999999,0.0787656,0.0862123,0.0868152,0.0613558,0.0966466,0.11837400000000001,0.125204,0.0943728,0.11535899999999999,0.0926793,0.09264889999999999,0.11719600000000001,0.11342100000000001,0.10528499999999999,0.11759700000000001,0.08719060000000001,0.133302,0.144841,0.158806,0.140812,0.0922323,0.085727,0.103881,0.09710830000000001,0.0736103,0.100952,0.107828,0.0811247,0.08356160000000001,0.108107,0.07861189999999998,0.10264100000000001,0.166287,0.08963739999999999,0.0747548,0.0747529,0.11118,0.0919984,0.12433399999999999,0.144559,0.11274200000000001,0.0848368,0.119218,0.0752353,0.075837,0.0823483,0.11751500000000001,0.0963905,0.08317469999999999,0.102079
0.0688625,0.056904899999999994,0.0740158,0.09996630000000001,0.07472419999999999,0.059086099999999996,0.0646599,0.0725421,0.0579312,0.0634798,0.0820692,0.050741,0.10247,0.086768,0.0966916,0.0841602,0.10833699999999999,0.113275,0.0775719,0.0810788,0.0804206,0.0751561,0.053687900000000004,0.071362,0.0823971,0.0874819,0.0824363,0.081077,0.10321099999999998,0.0943803,0.0875636,0.09680599999999999,0.100383,0.111978,0.08084989999999999,0.0892317,0.100565,0.0961809,0.0895546,0.0795867,0.07106439999999999,0.076776,0.0852836,0.06611360000000001,0.0910454,0.0786698,0.10909500000000001,0.10251800000000001,0.118317,0.0978173,0.10388199999999999,0.102264,0.12706099999999998,0.104352,0.166568,0.097951,0.127934,0.117504,0.0900747,0.11629400000000001,0.12178599999999999,0.111224,0.0850289,0.103496,0.107653,0.149813,0.101232,0.08919060000000001,0.06832619999999999,0.06266530000000001,0.0971438,0.10964000000000002,0.104387,0.14533900000000002,0.145814,0.113106,0.120273,0.144198,0.08792269999999999,0.074975,0.0724965,0.0833931,0.06900210000000001,0.0632803,0.0823428,0.07926,0.13552,0.122374,0.113879,0.08357239999999999,0.0744117,0.0824391,0.06712,0.0661184,0.06563530000000001,0.0886877,0.11773299999999999,0.10544400000000001,0.0946906,0.108401
,,,,,,,,,,,,,,,,,,,,,,,,,,,,,,,,,,,,,,,,,,,,,,,,,,,,,,,,,,,,,,,,,,,,,,,,,,,,,,,,,,,,,,,,,,,,,,,,,,,
0.0889949,0.08459589999999999,0.0631923,0.06342010000000001,0.0634675,0.0792475,0.0952312,0.106353,0.0886658,0.09444910000000001,0.0951785,0.108546,0.0940228,0.0724262,0.0885515,0.10432000000000001,0.100232,0.0853959,0.109865,0.0979625,0.133542,0.11545,0.11832100000000001,0.123733,0.1198,0.14598,0.125623,0.08492960000000001,0.10151,0.0760205,0.0718612,0.108517,0.135415,0.147599,0.135785,0.119756,0.0801075,0.0667958,0.11648499999999999,0.115852,0.11233699999999999,0.138446,0.135042,0.10894200000000001,0.113157,0.118479,0.07775850000000001,0.0942189,0.0748576,0.10099,0.11466300000000001,0.096705,0.102568,0.0763147,0.09862330000000001,0.0821142,0.074956,0.0811428,0.111751,0.12250799999999999,0.09066089999999999,0.0960049,0.0777537,0.0937345,0.096948,0.10375999999999999,0.0781347,0.10774,0.0902314,0.0885963,0.0982528,0.124525,0.0812177,0.0882813,0.105519,0.0951575,0.0884367,0.0812299,0.09973639999999999,0.08966569999999999,0.0915355,0.06311649999999999,0.09033530000000001,0.0749262,0.0662492,0.0836191,0.104523,0.0738808,0.0737283,0.0705307,0.0712512,0.053482,0.06172130000000001,0.0617807,0.052947400000000006,0.048007,0.0442126,0.0411332,0.0618882,0.0658898
0.0474969,0.05221509999999999,0.0840932,0.0539852,0.0619687,0.0716704,0.0661433,0.056505200000000005,0.071951,0.0825287,0.07982410000000001,0.0823817,0.09552150000000001,0.135671,0.12928499999999998,0.0954325,0.0886581,0.0916081,0.12054400000000001,0.101974,0.0792245,0.0901828,0.06722660000000001,0.107046,0.10708,0.0599217,0.0889199,0.10504100000000001,0.0870642,0.07520260000000001,0.0955131,0.124378,0.13687,0.112873,0.07854760000000001,0.11856300000000002,0.131355,0.0922752,0.08112989999999999,0.11344100000000001,0.127108,0.106974,0.09313719999999999,0.11528499999999998,0.116226,0.148275,0.22545900000000002,0.141596,0.11897,0.138853,0.0904183,0.08900980000000001,0.0868765,0.097838,0.0868585,0.0852882,0.10860299999999999,0.137194,0.0940658,0.0792781,0.080751,0.100738,0.0793319,0.0771844,0.0696372,0.0768307,0.07077169999999999,0.12767,0.107946,0.133205,0.108874,0.0985732,0.10413599999999999,0.10376300000000001,0.0788435,0.115375,0.0928407,0.0947904,0.0848791,0.065971,0.0613013,0.0391862,0.0637205,0.04951180000000001,0.057697000000000005,0.0568226,0.0812517,0.0538005,0.062052300000000005,0.0437289,0.0397846,0.038957099999999995,0.0448968,0.0663427,0.0633839,0.0962332,0.13042,0.114245,0.11364500000000001,0.053471300000000006
,,,,,,,,,,,,,,,,,,,,,,,,,,,,,,,,,,,,,,,,,,,,,,,,,,,,,,,,,,,,,,,,,,,,,,,,,,,,,,,,,,,,,,,,,,,,,,,,,,,
0.0539518,0.119946,0.168006,0.145682,0.116308,0.0852465,0.0691118,0.107428,0.129089,0.06229069999999999,0.0667933,0.107876,0.0835564,0.0973551,0.09408810000000001,0.109135,0.0996648,0.0771198,0.0652244,0.0654455,0.0802177,0.07696180000000001,0.0861437,0.08846439999999998,0.0698699,0.091736,0.114146,0.08520499999999999,0.0936267,0.115199,0.148029,0.129685,0.09329630000000001,0.142344,0.127374,0.14896900000000002,0.09368380000000001,0.0860306,0.0944242,0.13104000000000002,0.082913,0.107805,0.117835,0.10656700000000001,0.096562,0.0886692,0.112607,0.103748,0.0844813,0.0777393,0.096514,0.0894283,0.105066,0.12133599999999999,0.146544,0.121706,0.126843,0.0900221,0.07209410000000001,0.0846306,0.102029,0.0926591,0.08402380000000001,0.0900596,0.0854109,0.07055750000000001,0.0995177,0.126057,0.11676199999999999,0.122177,0.104957,0.0963206,0.09548639999999999,0.10403499999999999,0.0901805,0.100858,0.0858515,0.0709354,0.10251400000000001,0.09238810000000001,0.0884034,0.0917477,0.0627216,0.0925423,0.0691857,0.0714873,0.050008,0.050678100000000004,0.0668784,0.0937803,0.0803079,0.107199,0.07614839999999999,0.0674656,0.0349016,0.046712300000000005,0.06277859999999999,0.08418769999999999,0.05249109999999999,0.0715454
0.0643439,0.046080800000000005,0.0367533,0.0447986,0.0463133,0.041618800000000004,0.0464004,0.0379461,0.0244718,0.0245865,0.0216993,0.0337825,0.0318,0.0355712,0.0475609,0.0596263,0.055067200000000004,0.050504,0.07354889999999999,0.0638509,0.066315,0.06899939999999999,0.0979803,0.1058,0.0655027,0.07936789999999999,0.062358300000000005,0.08085880000000001,0.07448510000000001,0.0769454,0.0810002,0.07122819999999999,0.057848000000000004,0.038348,0.0478496,0.06155880000000001,0.057982000000000006,0.0546533,0.0661015,0.09310560000000001,0.06855800000000001,0.084605,0.0782104,0.06103340000000001,0.0570581,0.05267,0.06354850000000001,0.0684813,0.07098660000000001,0.07422669999999999,0.0832257,0.12031300000000002,0.12656199999999998,0.0879163,0.07038760000000001,0.0968561,0.0537437,0.0700729,0.06894360000000001,0.127462,0.112569,0.0909046,0.07925360000000001,0.06501080000000001,0.0848092,0.08963739999999999,0.10386500000000001,0.0992303,0.0710029,0.102174,0.09182280000000001,0.11385899999999999,0.0939442,0.0850184,0.0671097,0.0898352,0.101903,0.09351060000000001,0.11724100000000001,0.0948135,0.0742178,0.0819574,0.107524,0.09313919999999999,0.07686810000000001,0.0933122,0.116101,0.11155999999999999,0.143197,0.098503,0.130577,0.0978293,0.08125189999999999,0.0651217,0.0673394,0.07745149999999999,0.0830283,0.108142,0.0878415,0.118105
,,,,,,,,,,,,,,,,,,,,,,,,,,,,,,,,,,,,,,,,,,,,,,,,,,,,,,,,,,,,,,,,,,,,,,,,,,,,,,,,,,,,,,,,,,,,,,,,,,,
0.113857,0.0749377,0.05057380000000001,0.04857,0.06298240000000001,0.08543010000000001,0.0861605,0.08092360000000001,0.07400570000000001,0.0868877,0.0648653,0.09287050000000001,0.11595,0.101717,0.0803459,0.0781299,0.11286800000000001,0.12461900000000001,0.12178800000000001,0.121243,0.115781,0.078838,0.09719030000000001,0.11020999999999999,0.12276,0.0934021,0.10943199999999999,0.11055,0.0890437,0.11531,0.160577,0.10677400000000001,0.07269160000000001,0.0930585,0.091139,0.0893208,0.0619467,0.0663309,0.0826988,0.06628060000000001,0.0893293,0.07626619999999999,0.07417710000000001,0.0962222,0.08841389999999999,0.125923,0.137663,0.10997699999999999,0.11510999999999999,0.124004,0.100874,0.0937703,0.138962,0.137964,0.08790099999999999,0.0686582,0.09128539999999999,0.117604,0.09651069999999999,0.130415,0.0664118,0.0946225,0.11105699999999999,0.09830839999999999,0.0756448,0.0725479,0.0719602,0.0670534,0.0637129,0.114443,0.121852,0.0914305,0.09569910000000001,0.0904716,0.0802382,0.07906619999999999,0.0683303,0.0887845,0.08724580000000001,0.07932360000000001,0.06972260000000001,0.0700596,0.053588199999999996,0.07244249999999999,0.07416829999999999,0.0632589,0.0561997,0.05343869999999999,0.0412904,0.05535319999999999,0.04892,0.0580933,0.049169599999999994,0.0367705,0.033857599999999995,0.0588904,0.037190499999999994,0.0613554,0.0992591,0.0931638
0.08096489999999999,0.074889,0.10624700000000001,0.0813681,0.105875,0.08040789999999999,0.080353,0.08561039999999999,0.109133,0.127848,0.090273,0.110204,0.140145,0.101461,0.139596,0.11330899999999999,0.09669889999999999,0.11098499999999999,0.0952078,0.11825899999999999,0.110322,0.0955747,0.0702692,0.0632096,0.074838,0.0827095,0.09423200000000001,0.066521,0.0794859,0.07604810000000001,0.0787737,0.112168,0.116289,0.18590299999999998,0.12015799999999999,0.09950160000000001,0.0947242,0.140968,0.165372,0.187681,0.12113800000000001,0.102224,0.0883428,0.10878499999999999,0.12413900000000001,0.120526,0.09233689999999999,0.11311199999999999,0.127771,0.11363800000000002,0.0758495,0.11407,0.10677400000000001,0.114249,0.0956287,0.109699,0.143324,0.100875,0.07749,0.0803377,0.09227360000000001,0.0961703,0.115006,0.125382,0.0959715,0.11990899999999999,0.092399,0.0730079,0.0660988,0.0749672,0.0695943,0.0711301,0.0823784,0.0768637,0.079427,0.0970934,0.107591,0.130754,0.11005799999999999,0.10995,0.11956199999999999,0.167669,0.153672,0.172983,0.171241,0.119527,0.11505699999999999,0.123826,0.14420999999999998,0.117841,0.0936071,0.100243,0.07617080000000001,0.102522,0.09186710000000001,0.10394300000000001,0.0705132,0.095541,0.0758941,0.0887317
,,,,,,,,,,,,,,,,,,,,,,,,,,,,,,,,,,,,,,,,,,,,,,,,,,,,,,,,,,,,,,,,,,,,,,,,,,,,,,,,,,,,,,,,,,,,,,,,,,,
0.0,0.0,0.0,0.0,0.0,0.0,0.0,0.0,0.0,0.0,0.0,0.0,0.0,0.0,0.0,0.0,0.0453647,0.071155,0.0974807,0.0786312,0.06786,0.0771536,0.0801163,0.08824910000000001,0.058169000000000005,0.0825043,0.105394,0.0722685,0.092915,0.08018710000000001,0.0966896,0.11265,0.097383,0.0971536,0.0937183,0.11493699999999998,0.12805899999999998,0.10789000000000001,0.11155899999999999,0.125193,0.09111989999999999,0.10881800000000001,0.08586510000000001,0.09536080000000001,0.0814044,0.0973554,0.06573179999999999,0.0458164,0.0551552,0.06363640000000001,0.11503599999999999,0.095175,0.119631,0.117316,0.0827004,0.12285499999999999,0.0962153,0.0923602,0.138404,0.10341900000000001,0.09619839999999999,0.0639067,0.0756638,0.0884297,0.116935,0.127418,0.12043,0.09106460000000001,0.0881523,0.0844141,0.0976163,0.100487,0.100729,0.0960603,0.0815229,0.08497660000000001,0.100274,0.0843612,0.0843779,0.095066,0.0981122,0.104327,0.10631600000000001,0.13237100000000002,0.14010999999999998,0.130097,0.16509200000000002,0.11398499999999999,0.09192739999999999,0.12073199999999999,0.07129760000000002,0.0850273,0.0748889,0.0941488,0.0810701,0.046106699999999994,0.0477899,0.0726278,0.08357200000000001,0.0844905
0.123216,0.076737,0.0641654,0.038845599999999994,0.054268,0.0760881,0.083535,0.0670534,0.060388599999999994,0.06586289999999999,0.047029,0.057455099999999995,0.0541851,0.0577269,0.06275610000000001,0.0846912,0.07617310000000001,0.106397,0.15232300000000001,0.11725899999999999,0.12802,0.100089,0.09804910000000001,0.10057200000000001,0.13911800000000002,0.140915,0.112831,0.150674,0.136106,0.160657,0.165768,0.15745399999999998,0.153866,0.13133599999999998,0.158281,0.181386,0.17372100000000001,0.168741,0.143259,0.105617,0.138011,0.172216,0.191052,0.206769,0.1434,0.11971300000000001,0.13254100000000002,0.13408699999999998,0.13666,0.124001,0.0958009,0.137122,0.11876400000000001,0.15265499999999999,0.128398,0.0921702,0.0878492,0.10105700000000001,0.123607,0.13658399999999998,0.124481,0.12279000000000001,0.107847,0.10493599999999999,0.114981,0.11683199999999999,0.154521,0.14107999999999998,0.144005,0.145056,0.173298,0.162526,0.169225,0.138735,0.145055,0.144669,0.15296700000000002,0.157315,0.162716,0.165709,0.171043,0.17566400000000001,0.171504,0.12,0.16894,0.12047999999999999,0.144968,0.166236,0.163043,0.159246,0.079577,0.194187,0.197009,0.19545,0.1773,0.174206,0.141238,0.122795,0.16656500000000002,0.166937
,,,,,,,,,,,,,,,,,,,,,,,,,,,,,,,,,,,,,,,,,,,,,,,,,,,,,,,,,,,,,,,,,,,,,,,,,,,,,,,,,,,,,,,,,,,,,,,,,,,
0.141259,0.168567,0.138692,0.0920398,0.121956,0.150098,0.171335,0.207835,0.152648,0.164876,0.16858,0.21662800000000001,0.163439,0.141807,0.146068,0.16598,0.140261,0.148741,0.176825,0.131939,0.12481500000000001,0.147396,0.14996700000000002,0.146816,0.150252,0.122321,0.131499,0.130909,0.145276,0.137273,0.12628699999999998,0.135275,0.123396,0.161686,0.15161,0.145637,0.163274,0.15323299999999998,0.14494300000000002,0.179965,0.188882,0.152815,0.157639,0.143288,0.13988,0.15440399999999999,0.152151,0.176121,0.168522,0.147551,0.162878,0.160971,0.121625,0.144734,0.10503599999999999,0.141166,0.127242,0.14973,0.130921,0.132939,0.136891,0.173774,0.147252,0.148046,0.19631500000000002,0.193445,0.171639,0.157806,0.120993,0.14043599999999998,0.152475,0.16949,0.185873,0.131919,0.147087,0.161124,0.190392,0.133708,0.126116,0.16553299999999999,0.148921,0.11447,0.15074200000000001,0.130295,0.102716,0.0973752,0.117718,0.113726,0.11885699999999999,0.108446,0.102037,0.146464,0.14461,0.12441500000000001,0.105125,0.110756,0.10252,0.10243900000000002,0.15021199999999998,0.208342
0.164118,0.187046,0.109401,0.0787451,0.0991734,0.10543699999999999,0.08112180000000001,0.08873860000000001,0.10855,0.08638839999999999,0.07803610000000001,0.07886189999999998,0.0547085,0.0638948,0.0660935,0.0729187,0.07250989999999999,0.0594509,0.0834369,0.0,0.017897299999999998,0.0549173,0.0444475,0.044230599999999995,0.0678279,0.06054690000000001,0.04290069999999999,0.17868900000000001,0.211993,0.160942,0.115502,0.13506300000000002,0.150248,0.142899,0.155885,0.186828,0.128965,0.132609,0.122984,0.100313,0.136238,0.12901400000000002,0.111498,0.137848,0.142823,0.129693,0.153842,0.125864,0.105653,0.13326300000000002,0.131805,0.125891,0.10376500000000001,0.131778,0.132026,0.174923,0.12500899999999998,0.127471,0.13657,0.107107,0.153248,0.08935789999999999,0.0184608,0.111937,0.16775299999999999,0.163959,0.193692,0.11481400000000001,0.111123,0.13212000000000002,0.0741816,0.0815298,0.0995956,0.08597460000000001,0.11723599999999999,0.0650834,0.0980467,0.105959,0.0722299,0.055536300000000004,0.0485842,0.05206990000000001,0.0281217,0.00392253,0.00552956,0.06526,0.0658573,0.0446654,0.0274666,0.07164060000000001,0.127316,0.0644313,0.196049,0.0837632,0.025279,0.0673472,0.08217200000000001,0.0946152,0.100878,0.0354249
,,,,,,,,,,,,,,,,,,,,,,,,,,,,,,,,,,,,,,,,,,,,,,,,,,,,,,,,,,,,,,,,,,,,,,,,,,,,,,,,,,,,,,,,,,,,,,,,,,,
0.054266999999999996,0.09174810000000001,0.0663747,0.0919195,0.181437,0.18665,0.151553,0.0832145,0.06270919999999999,0.0952215,0.0762188,0.08945449999999999,0.0894034,0.0755724,0.0834829,0.176507,0.132017,0.0916887,0.139604,0.182881,0.0923571,0.170483,0.131378,0.119557,0.10247200000000001,0.11337699999999999,0.112758,0.11928,0.134055,0.11981800000000001,0.0914205,0.118269,0.09615080000000001,0.114793,0.0349901,0.0,0.0,0.0,0.0,0.0,0.0,0.0,0.0,0.0,0.0,0.0,0.0,0.0,0.0,0.0,0.0,0.0,0.0,0.0,0.0,0.0,0.0,0.0,0.0,0.0,0.0,0.0,0.0,0.0,0.0,0.0,0.0,0.0,0.0,0.0,0.0,0.0,0.0,0.0,0.0,0.0,0.0,0.0,0.0,0.0,0.0,0.0,0.0,0.0,0.0,0.0,0.0,0.0,0.0,0.0,0.0,0.0,0.0,0.0,0.0,0.0,0.0,0.0,0.0,0.147069
